ScheduleName,SurvivorIsDefault,ClientCount,ClientIds,SurvivorLegacyClientId,SurvivorRowIds,RetiredRowIds,Days,StartTime,EndTime,MaxJobs,Region,SpeedId,CutoffHours,AutoBook,PostcodeGroupId,BookPickup,PickupDepotId,StorageState,DeliveryState,PickupRatingSpeed,PickupPostcodeGroupId,ParentSpeedId,PickupBoxDiscount,DropOffLocationID,ApplyPickupCutoff,PickupCutoff,AutoBookScanAhead,IsRecurringSchedule,SurvivorDescription,DescriptionValues
AKL > CHCH Pre 10am Medical,No,11,"16513, 14763, 169, 18185, 14578, 16947, 32946, 9477, 35755, 18188, 36739",16513,"8610, 8611, 8612, 8613, 8614","8625, 8626, 8627, 8628, 8629, 8895, 8896, 8897, 8898, 8899, 9233, 9234, 9235, 9236, 9237, 9333, 9334, 9335, 9336, 9337, 9722, 9723, 9724, 9725, 9726, 10224, 10225, 10226, 10227, 10228, 10618, 10619, 10620, 10621, 10622, 10738, 10739, 10740, 10741, 10742, 10859, 10860, 10861, 10862, 10863, 10964, 10965, 10966, 10967, 10968","1, 2, 3, 4, 5",08:00:00,10:00:00,10000,34,164,17,0,NULL,1,33,1,1,166,NULL,164,1,NULL,0,NULL,NULL,NULL,Book by 3 pm. Next Business day service to Christchurch,Book by 3 pm. Next Business day service to Christchurch (x50) | Book by 3 pm. Next Business day service to Christchurch | NO DGs allowed (x5)
AKL > CHCH Pre 8am Medical,No,11,"16513, 14763, 169, 18185, 13713, 16947, 32946, 9477, 35755, 18188, 36739",16513,"8605, 8606, 8607, 8608, 8609","8620, 8621, 8622, 8623, 8624, 8900, 8901, 8902, 8903, 8904, 9228, 9229, 9230, 9231, 9232, 9677, 9678, 9679, 9680, 9681, 9717, 9718, 9719, 9720, 9721, 10199, 10200, 10201, 10202, 10203, 10613, 10614, 10615, 10616, 10617, 10733, 10734, 10735, 10736, 10737, 10854, 10855, 10856, 10857, 10858, 10959, 10960, 10961, 10962, 10963","1, 2, 3, 4, 5",06:00:00,08:00:00,10000,34,165,66,0,NULL,1,33,1,1,166,NULL,165,1,NULL,0,NULL,NULL,NULL,Book by 2 pm. Next Business day service to Christchurch,Book by 2 pm. Next Business day service to Christchurch (x50) | Book by 2 pm. Next Business day service to Christchurch | NO DGs allowed (x5)
AKL > Gisborne pre 10am,No,9,"18185, 169, 16947, 32946, 9477, 35755, 36739, 14582, 13713",18185,"9238, 9239, 9240, 9241, 9242","9434, 9435, 9436, 9437, 9438, 9727, 9728, 9729, 9730, 9731, 10229, 10230, 10231, 10232, 10233, 10623, 10624, 10625, 10626, 10627, 10743, 10744, 10745, 10746, 10747, 10969, 10970, 10971, 10972, 10973, 11074, 11075, 11076, 11077, 11078, 11254, 11255, 11256, 11257, 11258","1, 2, 3, 4, 5",06:00:00,10:00:00,10000,22,164,17,0,NULL,1,44,1,1,127,NULL,164,1,NULL,NULL,NULL,NULL,NULL,Book by 1pm for overnight to Gisborne delivered before 8am,Book by 1pm for overnight to Gisborne delivered before 8am (x40) | Book by 1pm for overnight to Gisborne delivered before 10am (x5)
AKL > Gisborne pre 10am,No,2,"14763, 16513",14763,"9045, 9046, 9047, 9048, 9049","9115, 9116, 9117, 9118, 9119","1, 2, 3, 4, 5",06:00:00,10:00:00,10000,22,164,17,0,NULL,1,44,1,1,127,NULL,164,1,NULL,NULL,NULL,NULL,NULL,Book by 1pm for overnight to Gisborne delivered before 8am,Book by 1pm for overnight to Gisborne delivered before 8am (x10)
AKL > Gisborne pre 8am,No,8,"18185, 169, 16947, 32946, 9477, 36739, 14582, 13713",18185,"9243, 9244, 9245, 9246, 9247","9439, 9440, 9441, 9442, 9443, 9732, 9733, 9734, 9735, 9736, 10234, 10235, 10236, 10237, 10238, 10628, 10629, 10630, 10631, 10632, 10974, 10975, 10976, 10977, 10978, 11079, 11080, 11081, 11082, 11083, 11259, 11260, 11261, 11262, 11263","1, 2, 3, 4, 5",06:00:00,08:00:00,10000,22,165,65,0,NULL,1,44,1,1,127,NULL,165,1,NULL,NULL,NULL,NULL,NULL,Book by 1pm for overnight to Gisborne delivered before 8am,Book by 1pm for overnight to Gisborne delivered before 8am (x40)
AKL > Gisborne pre 8am,No,2,"14763, 16513",14763,"9050, 9051, 9052, 9053, 9054","9120, 9121, 9122, 9123, 9124","1, 2, 3, 4, 5",06:00:00,08:00:00,10000,22,165,17,0,NULL,1,44,1,1,127,NULL,165,1,NULL,NULL,NULL,NULL,NULL,Book by 1pm for overnight to Gisborne delivered before 8am,Book by 1pm for overnight to Gisborne delivered before 8am (x10)
AKL > HLZ Afternoon Medical Run,No,4,"9477, 16947, 13713, 14578",9477,"2511, 2512, 2513, 2514, 2515","2586, 2587, 2588, 2589, 2590, 2696, 2697, 2698, 2699, 2700, 2801, 2802, 2803, 2804, 2805","1, 2, 3, 4, 5",12:30:00,17:00:00,10000,4,128,3,1,11,1,8,1,1,127,NULL,128,1,2,NULL,NULL,NULL,NULL,Pre 5pm Medical Deliveries to Hamilton,Pre 5pm Medical Deliveries to Hamilton (x20)
AKL > HLZ Afternoon Medical Run 10am Cutoff,No,2,"169, 36672",169,"6988, 6989, 6990, 6991, 6992","7144, 7145, 7146, 7147, 7148","1, 2, 3, 4, 5",13:00:00,17:00:00,10000,4,128,3,1,60,1,8,1,1,2,NULL,128,1,2,NULL,NULL,NULL,NULL,Pre 5pm Medical Deliveries to Hamilton,Pre 5pm Medical Deliveries to Hamilton (x10)
AKL > HLZ Afternoon Medical Run 9:30am Cutoff,No,2,"169, 36672",169,"6983, 6984, 6985, 6986, 6987","7139, 7140, 7141, 7142, 7143","1, 2, 3, 4, 5",12:30:00,17:00:00,10000,4,128,3,1,60,1,8,1,1,127,NULL,128,1,2,NULL,NULL,NULL,NULL,Pre 5pm Medical Deliveries to Hamilton,Pre 5pm Medical Deliveries to Hamilton (x10)
AKL > HLZ Afternoon Medical Run*12:30:00-17:00:00,No,3,"33103, 504, 13822",33103,"2731, 2732, 2733, 2734, 2735","2766, 2767, 2768, 2769, 2770, 4787, 4788, 4789, 4790, 4791","1, 2, 3, 4, 5",12:30:00,17:00:00,10000,4,128,3,1,60,1,8,1,1,127,NULL,128,1,2,NULL,NULL,NULL,NULL,Pre 5pm Medical Deliveries to Hamilton,Pre 5pm Medical Deliveries to Hamilton (x15)
AKL > HLZ Afternoon Medical Run*12:30:00-17:00:00,No,2,"14763, 18185",14763,"2471, 2472, 2473, 2474, 2475","3225, 3226, 3227, 3228, 3229","1, 2, 3, 4, 5",13:00:00,17:00:00,10000,4,128,3,1,11,1,8,1,1,127,NULL,128,1,2,NULL,NULL,NULL,NULL,Pre 5pm Medical Deliveries to Hamilton,Pre 5pm Medical Deliveries to Hamilton (x10)
AKL > HLZ Afternoon Medical Run*12:30:00-17:00:00,No,2,"18188, 36739",18188,"2661, 2662, 2663, 2664, 2665","8685, 8686, 8687, 8688, 8689","1, 2, 3, 4, 5",12:30:00,17:00:00,10000,4,128,3,1,11,1,8,1,1,127,NULL,128,1,2,NULL,NULL,NULL,NULL,Pre 5pm Medical Deliveries to Hamilton,Pre 5pm Medical Deliveries to Hamilton (x10)
AKL > HLZ Pre 8am Medical Run,No,6,"9477, 16947, 18188, 17122, 36739, 32946",9477,"2516, 2517, 2518, 2519, 2520","2591, 2592, 2593, 2594, 2595, 2666, 2667, 2668, 2669, 2670, 2868, 2869, 2870, 2871, 2872, 8690, 8691, 8692, 8693, 8694, 12630, 12631, 12632, 12633, 12634","1, 2, 3, 4, 5",07:00:00,20:00:00,10000,4,128,62,1,11,1,8,1,1,127,NULL,128,1,2,NULL,NULL,NULL,NULL,Pre 8am Medical Deliveries to Hamilton,Pre 8am Medical Deliveries to Hamilton (x30)
AKL > HLZ Pre 8am Medical Run,No,4,"16513, 14578, 35755, 169",16513,"2631, 2632, 2633, 2634, 2635","2806, 2807, 2808, 2809, 2810, 6303, 6304, 6305, 6306, 6307, 6993, 6994, 6995, 6996, 6997","1, 2, 3, 4, 5",07:00:00,14:00:00,10000,4,128,14,1,11,1,8,1,1,127,NULL,128,1,2,NULL,NULL,NULL,NULL,Pre 8am Medical Deliveries to Hamilton,Pre 8am Medical Deliveries to Hamilton (x20)
AKL > HLZ Pre 8am Medical Run,No,3,"33103, 504, 13822",33103,"2736, 2737, 2738, 2739, 2740","2771, 2772, 2773, 2774, 2775, 4792, 4793, 4794, 4795, 4796","1, 2, 3, 4, 5",07:00:00,20:00:00,10000,4,128,62,1,60,1,8,1,1,127,NULL,128,1,2,NULL,NULL,NULL,NULL,Pre 8am Medical Deliveries to Hamilton,Pre 8am Medical Deliveries to Hamilton (x15)
AKL > HLZ Pre 8am Medical Run,No,2,"13713, 18185",13713,"2701, 2702, 2703, 2704, 2705","3230, 3231, 3232, 3233, 3234","1, 2, 3, 4, 5",07:00:00,08:00:00,10000,4,128,14,1,11,1,8,1,1,127,NULL,128,1,2,NULL,NULL,NULL,NULL,Pre 8am Medical Deliveries to Hamilton,Pre 8am Medical Deliveries to Hamilton (x10)
AKL > Masterton,No,5,"9477, 35755, 18188, 36739, 14582",9477,"10633, 10634, 10635, 10636, 10637","10753, 10754, 10755, 10756, 10757, 10874, 10875, 10876, 10877, 10878, 10979, 10980, 10981, 10982, 10983, 11084, 11085, 11086, 11087, 11088","1, 2, 3, 4, 5",09:00:00,11:00:00,10000,30,164,68,0,NULL,1,8,1,1,127,NULL,164,1,2,0,NULL,NULL,NULL,Book by 1 pm for overnight to Masterton delivery goal 11 am,Book by 1 pm for overnight to Masterton delivery goal 11 am (x25)
AKL > Masterton,No,2,"13713, 14927",13713,"8740, 8741, 8742, 8743, 8744","9914, 9915, 9916, 9917, 9918","1, 2, 3, 4, 5",09:00:00,10:00:00,10000,30,164,68,0,NULL,1,8,1,1,127,NULL,164,1,2,0,NULL,NULL,NULL,Book by 1 pm for overnight to Masterton delivery goal 10 am,Book by 1 pm for overnight to Masterton delivery goal 10 am (x10)
AKL > Napier pre 10am,No,9,"18185, 14578, 169, 16947, 32946, 9477, 35755, 18188, 14582",18185,"9253, 9254, 9255, 9256, 9257","9353, 9354, 9355, 9356, 9357, 9449, 9450, 9451, 9452, 9453, 9742, 9743, 9744, 9745, 9746, 10184, 10185, 10186, 10187, 10188, 10643, 10644, 10645, 10646, 10647, 10763, 10764, 10765, 10766, 10767, 10884, 10885, 10886, 10887, 10888, 11094, 11095, 11096, 11097, 11098","1, 2, 3, 4, 5",06:00:00,10:00:00,10000,10,164,65,0,NULL,1,8,1,1,127,NULL,164,1,2,NULL,NULL,NULL,NULL,Book by 1pm for overnight to Napier delivered before 10am,Book by 1pm for overnight to Napier delivered before 10am (x45)
AKL > Napier pre 10am,No,2,"14763, 16513",14763,"9060, 9061, 9062, 9063, 9064","9130, 9131, 9132, 9133, 9134","1, 2, 3, 4, 5",06:00:00,10:00:00,10000,10,164,60,0,NULL,1,8,1,1,127,NULL,164,1,2,NULL,NULL,NULL,NULL,Book by 1pm for overnight to Napier delivered before 10am,Book by 1pm for overnight to Napier delivered before 10am (x10)
AKL > Napier pre 8am,No,8,"14578, 169, 3191, 16947, 32946, 9477, 35755, 18188",14578,"9348, 9349, 9350, 9351, 9352","9444, 9445, 9446, 9447, 9448, 9524, 9525, 9526, 9527, 9528, 9737, 9738, 9739, 9740, 9741, 10249, 10250, 10251, 10252, 10253, 10638, 10639, 10640, 10641, 10642, 10758, 10759, 10760, 10761, 10762, 10879, 10880, 10881, 10882, 10883","1, 2, 3, 4, 5",06:00:00,08:00:00,10000,10,165,17,0,65,1,8,1,1,127,NULL,165,1,2,NULL,NULL,NULL,NULL,Book by 1pm for overnight to Napier delivered before 8am,Book by 1pm for overnight to Napier delivered before 8am (x40)
AKL > Napier pre 8am,No,2,"14763, 16513",14763,"9055, 9056, 9057, 9058, 9059","9125, 9126, 9127, 9128, 9129","1, 2, 3, 4, 5",06:00:00,08:00:00,10000,10,165,17,0,65,1,8,1,1,127,NULL,165,1,2,NULL,NULL,NULL,NULL,Book by 1pm for overnight to Napier delivered before 8am,Book by 1pm for overnight to Napier delivered before 8am (x10)
AKL > New Plymouth pre 10am,No,11,"14578, 169, 16947, 32946, 9477, 35755, 18188, 36739, 14582, 13713, 14927",14578,"9358, 9359, 9360, 9361, 9362","9454, 9455, 9456, 9457, 9458, 9747, 9748, 9749, 9750, 9751, 10244, 10245, 10246, 10247, 10248, 10648, 10649, 10650, 10651, 10652, 10768, 10769, 10770, 10771, 10772, 10889, 10890, 10891, 10892, 10893, 10994, 10995, 10996, 10997, 10998, 11099, 11100, 11101, 11102, 11103, 11234, 11235, 11236, 11237, 11238, 11933, 11934, 11935, 11936, 11937","1, 2, 3, 4, 5",06:00:00,10:00:00,10000,12,164,17,0,NULL,1,8,1,1,127,NULL,164,1,2,NULL,NULL,NULL,NULL,Book by 1pm for overnight to New Plymouth delivered before 10am,Book by 1pm for overnight to New Plymouth delivered before 10am (x55)
AKL > New Plymouth pre 10am,No,3,"14763, 16513, 18185",14763,"9065, 9066, 9067, 9068, 9069","9135, 9136, 9137, 9138, 9139, 9258, 9259, 9260, 9261, 9262","1, 2, 3, 4, 5",06:00:00,10:00:00,10000,12,164,17,0,NULL,1,8,1,1,127,NULL,164,1,2,NULL,NULL,NULL,NULL,Book by 1pm for overnight to New Plymouth delivered before 10am,Book by 1pm for overnight to New Plymouth delivered before 10am (x10) | Book by 1pm for overnight to Napier delivered before 10am (x5)
AKL > Palmerston North pre 10am,No,10,"14927, 18185, 14578, 169, 16947, 32946, 9477, 18188, 36739, 14582",14927,"7084, 7085, 7086, 7087, 7088","9268, 9269, 9270, 9271, 9272, 9368, 9369, 9370, 9371, 9372, 9464, 9465, 9466, 9467, 9468, 9757, 9758, 9759, 9760, 9761, 10179, 10180, 10181, 10182, 10183, 10658, 10659, 10660, 10661, 10662, 10899, 10900, 10901, 10902, 10903, 11004, 11005, 11006, 11007, 11008, 11109, 11110, 11111, 11112, 11113","1, 2, 3, 4, 5",06:00:00,10:00:00,10000,6,164,17,0,66,1,8,1,1,127,NULL,164,1,2,NULL,NULL,NULL,NULL,Book by 1pm for overnight to Palmerston North delivered before 10am,Book by 1pm for overnight to Palmerston North delivered before 8am (x35) | Book by 1pm for overnight to Palmerston North delivered before 10am (x15)
AKL > Palmerston North pre 10am,No,2,"14763, 16513",14763,"9075, 9076, 9077, 9078, 9079","9145, 9146, 9147, 9148, 9149","1, 2, 3, 4, 5",06:00:00,10:00:00,10000,6,164,60,0,66,1,8,1,1,127,NULL,164,1,2,NULL,NULL,NULL,NULL,Book by 1pm for overnight to Palmerston North delivered before 8am,Book by 1pm for overnight to Palmerston North delivered before 8am (x10)
AKL > Palmerston North pre 8am,No,9,"18185, 14578, 169, 16947, 32946, 9477, 18188, 36739, 14582",18185,"9263, 9264, 9265, 9266, 9267, 9288, 9289, 9290, 9291, 9292","9363, 9364, 9365, 9366, 9367, 9459, 9460, 9461, 9462, 9463, 9752, 9753, 9754, 9755, 9756, 10174, 10175, 10176, 10177, 10178, 10653, 10654, 10655, 10656, 10657, 10894, 10895, 10896, 10897, 10898, 10999, 11000, 11001, 11002, 11003, 11104, 11105, 11106, 11107, 11108","1, 2, 3, 4, 5",06:00:00,08:00:00,10000,6,165,65,0,66,1,8,1,1,127,NULL,165,1,2,NULL,NULL,NULL,NULL,Book by 1pm for overnight to Palmerston North delivered before 8am,Book by 1pm for overnight to Palmerston North delivered before 8am (x50)
AKL > Palmerston North pre 8am,No,2,"14763, 16513",14763,"9070, 9071, 9072, 9073, 9074","9140, 9141, 9142, 9143, 9144","1, 2, 3, 4, 5",06:00:00,08:00:00,10000,6,165,17,0,66,1,8,1,1,127,NULL,165,1,2,NULL,NULL,NULL,NULL,Book by 1pm for overnight to Palmerston North delivered before 8am,Book by 1pm for overnight to Palmerston North delivered before 8am (x10)
AKL > Pukekohe Overnight Medical Run,No,16,"14927, 13713, 16947, 36820, 18185, 14578, 3191, 169, 32946, 14821, 9477, 35755, 18188, 36739, 14582, 13773",14927,"4309, 4310, 4311, 4312, 4313","7361, 7362, 7363, 7364, 7365, 7612, 7613, 7614, 7615, 7616, 7725, 7726, 7727, 7728, 7729, 8745, 8746, 8747, 8748, 8749, 8760, 8761, 8762, 8763, 8764, 9187, 9188, 9189, 9190, 9191, 9293, 9294, 9295, 9296, 9297, 9479, 9480, 9481, 9482, 9483, 9559, 9560, 9561, 9562, 9563, 10159, 10160, 10161, 10162, 10163, 10563, 10564, 10565, 10566, 10567, 10573, 10574, 10575, 10576, 10577, 10683, 10684, 10685, 10686, 10687, 10814, 10815, 10816, 10817, 10818, 10919, 10920, 10921, 10922, 10923, 11024, 11025, 11026, 11027, 11028, 11129, 11130, 11131, 11132, 11133","1, 2, 3, 4, 5",06:30:00,08:30:00,10000,8,154,61,1,64,1,8,1,1,127,NULL,154,1,2,NULL,NULL,NULL,NULL,Overnight delivery to Pukekohe for Medical customers,Overnight delivery to Pukekohe for Medical customers (x85) | Book by 5 pm for delivery by 8:30 am the next business day (x5)
AKL > ROT Afternoon Medical Run,No,3,"33103, 504, 13822",33103,"2741, 2742, 2743, 2744, 2745","2776, 2777, 2778, 2779, 2780, 4797, 4798, 4799, 4800, 4801","1, 2, 3, 4, 5",15:30:00,17:00:00,10000,4,129,6,1,39,1,8,1,1,127,NULL,128,1,2,NULL,NULL,NULL,NULL,Pre 5pm Medical Deliveries to Hamilton,Pre 5pm Medical Deliveries to Hamilton (x15)
AKL > ROT Pre 10am Medical Run,No,6,"9477, 14582, 16947, 18188, 13713, 18185",9477,"2526, 2527, 2528, 2529, 2530","2561, 2562, 2563, 2564, 2565, 2601, 2602, 2603, 2604, 2605, 2676, 2677, 2678, 2679, 2680, 2711, 2712, 2713, 2714, 2715, 3255, 3256, 3257, 3258, 3259","1, 2, 3, 4, 5",09:00:00,10:00:00,10000,4,129,64,1,11,1,8,1,1,127,NULL,129,1,2,NULL,NULL,NULL,NULL,Pre 10am Medical Deliveries to Rotorua,Pre 10am Medical Deliveries to Rotorua (x25) | Pre10am Medical Deliveries to Rotorua (x5)
AKL > ROT Pre 10am Medical Run,No,3,"35755, 14578, 169",35755,"2641, 2642, 2643, 2644, 2645","2816, 2817, 2818, 2819, 2820, 7003, 7004, 7005, 7006, 7007","1, 2, 3, 4, 5",09:00:00,14:00:00,10000,4,129,16,1,11,1,8,1,1,127,NULL,129,1,2,NULL,NULL,NULL,NULL,Pre 10am Medical Deliveries to Rotorua,Pre 10am Medical Deliveries to Rotorua (x15)
AKL > ROT Pre 10am Medical Run,No,2,"14927, 32946",14927,"2337, 2338, 2339, 2340, 2341","10289, 10290, 10291, 10292, 10293","1, 2, 3, 4, 5",09:00:00,10:00:00,10000,4,128,14,1,11,1,8,1,1,127,NULL,128,1,2,NULL,NULL,NULL,NULL,Book by 5pm | Pre 10am Medical Deliveries to Rotorua,Book by 5pm | Pre 10am Medical Deliveries to Rotorua (x5) | Pre 10am Medical Deliveries to Rotorua (x5)
AKL > ROT Pre 8am Medical Run*09:00:00-10:00:00,No,4,"33103, 504, 17122, 13822",33103,"2746, 2747, 2748, 2749, 2750","2781, 2782, 2783, 2784, 2785, 2878, 2879, 2880, 2881, 2882, 4807, 4808, 4809, 4810, 4811","1, 2, 3, 4, 5",09:00:00,10:00:00,10000,4,129,16,1,39,1,8,1,1,127,NULL,129,1,2,NULL,NULL,NULL,NULL,Pre 8am Medical Deliveries to Hamilton,Pre 8am Medical Deliveries to Hamilton (x20)
AKL > Taupo Pre 8am Medical Run,No,2,"32946, 14821",32946,"10315, 10316, 10317","10413, 10414, 10415","1, 3, 5",07:00:00,12:00:00,10000,4,128,14,0,11,1,8,NULL,NULL,127,NULL,128,1,2,0,NULL,NULL,NULL,"Pre 8am Medical Deliveries to Taupo (Mon, Wed, Fri only)","Pre 8am Medical Deliveries to Taupo (Mon, Wed, Fri only) (x6)"
AKL > TGA Afternoon Medical Run,No,4,"13713, 169, 16513, 36672",13713,"2716, 2717, 2718, 2719, 2720","7008, 7009, 7010, 7011, 7012, 7038, 7039, 7040, 7041, 7042, 7164, 7165, 7166, 7167, 7168","1, 2, 3, 4, 5",15:00:00,17:00:00,10000,3,129,6,1,12,1,8,1,1,127,NULL,129,1,2,NULL,NULL,NULL,NULL,Pre 5pm Medical Deliveries to Hamilton,Pre 5pm Medical Deliveries to Tauranga (x15) | Pre 5pm Medical Deliveries to Hamilton (x5)
AKL > TGA Afternoon Medical Run*15:00:00-17:00:00,No,6,"16947, 18188, 33103, 504, 13822, 36739",16947,"2621, 2622, 2623, 2624, 2625","2681, 2682, 2683, 2684, 2685, 2751, 2752, 2753, 2754, 2755, 2786, 2787, 2788, 2789, 2790, 4812, 4813, 4814, 4815, 4816, 8705, 8706, 8707, 8708, 8709","1, 2, 3, 4, 5",15:00:00,17:00:00,10000,3,129,6,1,12,1,8,1,1,127,NULL,129,1,2,NULL,NULL,NULL,NULL,Pre 5pm Medical Deliveries to Hamilton,Pre 5pm Medical Deliveries to Hamilton (x30)
AKL > TGA Afternoon Medical Run*15:00:00-17:00:00,No,2,"17122, 18185",17122,"2883, 2884, 2885, 2886, 2887","3245, 3246, 3247, 3248, 3249","1, 2, 3, 4, 5",15:00:00,17:00:00,10000,3,129,5,1,12,1,8,1,1,127,NULL,129,1,2,NULL,NULL,NULL,NULL,Pre 5pm Medical Deliveries to Hamilton,Pre 5pm Medical Deliveries to Hamilton (x10)
AKL > TGA Pre 930am Medical Run,No,7,"16947, 18188, 33103, 504, 17122, 13822, 36739",16947,"2611, 2612, 2613, 2614, 2615","2686, 2687, 2688, 2689, 2690, 2756, 2757, 2758, 2759, 2760, 2791, 2792, 2793, 2794, 2795, 2888, 2889, 2890, 2891, 2892, 4817, 4818, 4819, 4820, 4821, 8710, 8711, 8712, 8713, 8714","1, 2, 3, 4, 5",09:00:00,11:00:00,10000,3,129,16,1,53,1,8,1,1,127,NULL,129,1,2,NULL,NULL,NULL,NULL,Pre 8am Medical Deliveries to Tauranga,Pre 8am Medical Deliveries to Tauranga (x30) | Pre 9am Medical Deliveries to Tauranga (x5)
AKL > TGA Pre 930am Medical Run,No,4,"16513, 35755, 169, 36672",16513,"2651, 2652, 2653, 2654, 2655","6323, 6324, 6325, 6326, 6327, 7013, 7014, 7015, 7016, 7017, 7169, 7170, 7171, 7172, 7173","1, 2, 3, 4, 5",09:00:00,14:00:00,10000,3,129,16,1,12,1,8,1,1,127,NULL,129,1,2,NULL,NULL,NULL,NULL,Pre 8am Medical Deliveries to Tauranga,Pre 8am Medical Deliveries to Tauranga (x20)
AKL > TGA Pre 930am Medical Run,No,2,"14927, 13713",14927,"2327, 2328, 2329, 2330, 2331","2721, 2722, 2723, 2724, 2725","1, 2, 3, 4, 5",09:00:00,10:00:00,10000,3,129,16,1,12,1,8,1,1,127,NULL,129,1,2,NULL,NULL,NULL,NULL,Book by 5pm | Pre 930am Medical Deliveries to Tauranga,Book by 5pm | Pre 930am Medical Deliveries to Tauranga (x5) | Pre 930am Medical Deliveries to Tauranga (x5)
AKL > TGA Pre 930am Medical Run,No,2,"9477, 18185",9477,"2536, 2537, 2538, 2539, 2540","3250, 3251, 3252, 3253, 3254","1, 2, 3, 4, 5",09:00:00,11:00:00,10000,3,129,16,1,12,1,8,1,1,127,NULL,129,1,2,NULL,NULL,NULL,NULL,Pre 8am Medical Deliveries to Tauranga,Pre 8am Medical Deliveries to Tauranga (x10)
AKL > Whakatane Medical Run,No,2,"14582, 14927",14582,"11425, 11426, 11427, 11428, 11429","12280, 12281, 12282, 12283, 12284","1, 2, 3, 4, 5",11:00:00,13:00:00,10000,3,129,66,1,12,1,8,1,1,127,NULL,129,1,2,NULL,NULL,NULL,NULL,Overnight delivery to Whakatane by 1pm,Overnight delivery to Whakatane by 1pm (x10)
AKL > Whanganui Pre 10am,No,11,"1088, 18185, 14578, 169, 16947, 13713, 9477, 35755, 18188, 36739, 14582",1088,"9621, 9622, 9623, 9624, 9625","9626, 9627, 9628, 9629, 9630, 9631, 9632, 9633, 9634, 9635, 9636, 9637, 9638, 9639, 9640, 9762, 9763, 9764, 9765, 9766, 9852, 9853, 9854, 9855, 9856, 10663, 10664, 10665, 10666, 10667, 10783, 10784, 10785, 10786, 10787, 10904, 10905, 10906, 10907, 10908, 11009, 11010, 11011, 11012, 11013, 11114, 11115, 11116, 11117, 11118","1, 2, 3, 4, 5",06:00:00,10:00:00,10000,6,164,65,0,NULL,1,8,1,1,127,NULL,164,1,2,NULL,NULL,NULL,NULL,Book by 1pm for overnight to Whanganui delivered before 10am,Book by 1pm for overnight to Whanganui delivered before 10am (x55)
AKL > Whanganui Pre 10am,No,3,"3191, 14927, 32946",3191,"9544, 9545, 9546, 9547, 9548, 9641, 9642, 9643, 9644, 9645","9646, 9647, 9648, 9649, 9650, 9662, 9663, 9664, 9665, 9666, 10254, 10255, 10256, 10257, 10258, 10259, 10260, 10261, 10262, 10263","1, 2, 3, 4, 5",06:00:00,10:00:00,10000,6,164,65,0,NULL,1,8,1,1,127,NULL,164,1,2,NULL,NULL,NULL,NULL,Book by 1pm for overnight to Whanganui delivered before 10am,Book by 1pm for overnight to Whanganui delivered before 10am (x25) | Book by 1pm for overnight to Whanganui delivered before 10am-9662 (x1) | Book by 1pm for overnight to Whanganui delivered before 10am-9663 (x1) | Book by 1pm for overnight to Whanganui delivered before 10am-9664 (x1) | Book by 1pm for overnight to Whanganui delivered before 10am-9665 (x1) | Book by 1pm for overnight to Whanganui delivered before 10am-9666 (x1)
AKL > WLG Pre 10am,No,12,"14927, 18185, 14578, 169, 3191, 16947, 32946, 9477, 35755, 18188, 36739, 14582",14927,"7067, 12588, 12589, 12590, 12591","9273, 9274, 9275, 9276, 9277, 9373, 9374, 9375, 9376, 9377, 9469, 9470, 9471, 9472, 9473, 9549, 9550, 9551, 9552, 9553, 9767, 9768, 9769, 9770, 9771, 10164, 10165, 10166, 10167, 10168, 10668, 10669, 10670, 10671, 10672, 10788, 10789, 10790, 10791, 10792, 10909, 10910, 10911, 10912, 10913, 11014, 11015, 11016, 11017, 11018, 11119, 11120, 11121, 11122, 11123","1, 2, 3, 4, 5",06:00:00,10:00:00,10000,16,164,17,0,26,1,8,1,1,127,NULL,164,1,2,NULL,NULL,NULL,NULL,Book by 1pm for overnight to Wellington delivered before 10am,Book by 1pm for overnight to Wellington delivered before 10am (x60)
AKL > WLG Pre 10am,No,2,"14763, 16513",14763,"9080, 9081, 9082, 9083, 9084","9150, 9151, 9152, 9153, 9154","1, 2, 3, 4, 5",06:00:00,10:00:00,10000,16,164,17,0,26,1,8,1,1,127,NULL,164,1,2,NULL,NULL,NULL,NULL,Book by 1pm for overnight to Wellington delivered before 10am,Book by 1pm for overnight to Wellington delivered before 10am (x10)
AKL > WLG Pre 8am,No,11,"18185, 14578, 169, 3191, 16947, 32946, 9477, 35755, 18188, 36739, 14582",18185,"9278, 9279, 9280, 9281, 9282","9378, 9379, 9380, 9381, 9382, 9474, 9475, 9476, 9477, 9478, 9554, 9555, 9556, 9557, 9558, 9772, 9773, 9774, 9775, 9776, 10189, 10190, 10191, 10192, 10193, 10673, 10674, 10675, 10676, 10677, 10793, 10794, 10795, 10796, 10797, 10914, 10915, 10916, 10917, 10918, 11019, 11020, 11021, 11022, 11023, 11124, 11125, 11126, 11127, 11128","1, 2, 3, 4, 5",06:00:00,08:00:00,10000,16,165,17,0,26,1,8,1,1,127,NULL,165,1,2,NULL,NULL,NULL,NULL,Book by 1pm for overnight to Wellington delivered by 8am,Book by 1pm for overnight to Wellington delivered by 8am (x55)
AKL > WLG Pre 8am,No,2,"14763, 16513",14763,"9085, 9086, 9087, 9088, 9089","9155, 9156, 9157, 9158, 9159","1, 2, 3, 4, 5",06:00:00,08:00:00,10000,16,165,17,0,26,1,8,1,1,127,NULL,165,1,2,NULL,NULL,NULL,NULL,Book by 1pm for overnight to Wellington delivered by 8am,Book by 1pm for overnight to Wellington delivered by 8am (x10)
AKL > WRG Pre 8am Medical Run,No,8,"9477, 16947, 18188, 33103, 504, 17122, 18185, 13822",9477,"2541, 2542, 2543, 2544, 2545","2616, 2617, 2618, 2619, 2620, 2691, 2692, 2693, 2694, 2695, 2761, 2762, 2763, 2764, 2765, 2796, 2797, 2798, 2799, 2800, 2893, 2894, 2895, 2896, 2897, 3159, 3160, 3161, 3162, 3163, 4822, 4823, 4824, 4825, 4826","1, 2, 3, 4, 5",07:00:00,20:00:00,10000,21,129,62,1,NULL,1,8,1,1,127,NULL,129,1,2,NULL,NULL,360,NULL,Pre 8am Medical Deliveries to Hamilton,Pre 8am Medical Deliveries to Hamilton (x30) | Pre 8 am Medical Deliveries to Whangarei (x10)
AKL > WRG Pre 8am Medical Run,No,6,"14763, 16513, 14578, 35755, 169, 36672",14763,"2496, 2497, 2498, 2499, 2500","2656, 2657, 2658, 2659, 2660, 2831, 2832, 2833, 2834, 2835, 6328, 6329, 6330, 6331, 6332, 7018, 7019, 7020, 7021, 7022, 7174, 7175, 7176, 7177, 7178","1, 2, 3, 4, 5",07:00:00,14:00:00,10000,21,129,14,1,NULL,1,8,1,1,127,NULL,129,1,2,NULL,NULL,360,NULL,Pre 8am Medical Deliveries to Whangarei Book by 5pm,Pre 8am Medical Deliveries to Whangarei (x20) | Pre 8am Medical Deliveries to Whangarei Book by 5pm (x5) | Pre 8 am Medical Deliveries to Whangarei (x5)
AKL > WRG Pre 8am Medical Run,No,2,"14927, 3191",14927,"2352, 2353, 2354, 2355, 2356","2466, 2467, 2468, 2469, 2470","1, 2, 3, 4, 5",07:00:00,14:00:00,10000,21,129,60,1,NULL,1,8,1,1,127,NULL,129,1,2,NULL,NULL,360,NULL,Book by 7pm for pre 8am Medical Deliveries to Whangarei,Book by 7pm for pre 8am Medical Deliveries to Whangarei (x5) | Pre 8 am Medical Deliveries to Whangarei (x5)
Auckland - Tauranga Chilled,Yes,1,9225,NULL,"1470, 1471, 1472, 1473, 1478","5505, 5506, 5507, 5508, 5509","1, 2, 3, 4, 5",07:00:00,17:00:00,10000,3,131,16,0,29,0,8,NULL,NULL,NULL,NULL,131,NULL,NULL,NULL,NULL,NULL,NULL,Chilled Delivery from Auckland to Tauranga,NULL (x5) | Chilled Delivery from Auckland to Tauranga (x5)
Auckland - Waikato Home Delivery 11am,No,2,"16298, 13681",16298,"4588, 4589, 4590, 4591, 4592","8255, 8256, 8257, 8258, 8259","1, 2, 3, 4, 5",13:00:00,18:00:00,10000,4,112,4,0,11,0,8,NULL,NULL,NULL,NULL,112,NULL,NULL,NULL,NULL,NULL,NULL,NULL,NULL (x10)
Auckland - Wellington Chilled,Yes,1,4609,NULL,"3978, 3979, 3980, 3981, 3982","8910, 8911, 8912, 8913, 8914","1, 2, 3, 4, 5",09:00:00,15:00:00,10000,16,147,69,0,26,0,8,2,2,NULL,NULL,147,NULL,NULL,NULL,NULL,NULL,NULL,Chilled Delivery from Auckland to Wellington,Chilled Delivery in Wellington (x5) | Chilled Delivery from Auckland to Wellington (x5)
Auckland > Hamilton Run 1-6,No,3,"14853, 32110, 36266",14853,"5733, 5734, 5735, 5736, 5737","6204, 6205, 6206, 6207, 6208, 6227, 6228, 6229, 6230, 6231","1, 2, 3, 4, 5",13:30:00,18:00:00,10000,4,128,4,1,11,1,8,1,1,4,NULL,128,1,2,NULL,NULL,NULL,NULL,NULL,NULL (x15)
Auckland > Hamilton Run 7-12,No,4,"33014, 14853, 32110, 36266",33014,"4436, 4437, 4438, 4439, 4440","5738, 5739, 5740, 5741, 5742, 6209, 6210, 6211, 6212, 6213, 6232, 6233, 6234, 6235, 6236","1, 2, 3, 4, 5",07:00:00,12:00:00,10000,4,128,62,1,11,1,8,1,1,4,NULL,128,1,2,NULL,NULL,NULL,NULL,NULL,NULL (x20)
Auckland > Hamilton Run Express 1-6,No,2,"33014, 32110",33014,"4441, 4442, 4443, 4444, 4445","6214, 6215, 6216, 6217, 6218","1, 2, 3, 4, 5",13:00:00,18:00:00,10000,4,128,4,1,11,1,8,1,1,1,NULL,128,1,2,NULL,NULL,NULL,NULL,NULL,NULL (x10)
Auckland > Tauranga Evening Booking Delivery,No,2,"1088, 13713",1088,"5897, 5898, 5899, 5900, 5901","6410, 6411, 6412, 6413, 6414","1, 2, 3, 4, 5",09:05:00,11:00:00,10000,3,129,13,1,12,0,8,1,1,1,NULL,129,1,2,NULL,NULL,NULL,NULL,No Collection - Must book Afterhours pick up,No Collection - Must book Afterhours pick up (x5) | No Collection - Must book 5pm pick up (x5)
Auckland Afternoons,No,2,"17761, 13681",17761,"5476, 5477, 5478, 5479, 5480, 5481","8244, 8245, 8246, 8247, 8248, 8249","1, 2, 3, 4, 5, 6",12:00:00,17:00:00,10000,8,94,2,NULL,62,NULL,8,NULL,NULL,NULL,NULL,94,NULL,NULL,NULL,NULL,NULL,NULL,NULL,NULL (x12)
BOP > Waikato Morning Run,Yes,1,9196,NULL,"2377, 2378, 2379, 2380, 2381","7422, 7423, 7424, 7425, 7426, 7497, 7498, 7499, 7500, 7501","1, 2, 3, 4, 5",07:00:00,12:00:00,10000,4,129,21,1,11,1,3,1,1,127,53,129,1,6,NULL,NULL,NULL,NULL,NULL,NULL (x15)
BOP Outer > Auckland Express Run 11-1,Yes,1,9196,NULL,"2038, 2039, 2098, 2099, 2100","7427, 7428, 7429, 7430, 7431, 7502, 7503, 7504, 7505, 7506","1, 2, 3, 4, 5",11:00:00,13:00:00,10000,8,145,71,1,NULL,1,3,1,1,127,53,145,1,6,NULL,NULL,NULL,NULL,NULL,NULL (x15)
BOP Regional Home Delivery 11am,No,2,"16298, 9196",16298,"4593, 4594, 4595, 4596, 4597","7447, 7448, 7449, 7450, 7451, 7522, 7523, 7524, 7525, 7526","1, 2, 3, 4, 5",13:00:00,18:00:00,10000,3,112,4,0,12,0,4,1,1,NULL,NULL,112,NULL,NULL,NULL,NULL,NULL,NULL,NULL,NULL (x15)
BOP Regional Home Delivery 5am,No,2,"9196, 33149",9196,"7452, 7453, 7454, 7455, 7456, 7527, 7528, 7529, 7530, 7531","10533, 10534, 10535, 10536, 10537","1, 2, 3, 4, 5",07:00:00,12:00:00,10000,3,112,16,0,12,0,4,NULL,NULL,NULL,NULL,112,NULL,NULL,NULL,NULL,NULL,NULL,NULL,NULL (x15)
Friday Afternoon Express,No,2,"33089, 33091",33089,880,885,5,12:00:00,14:00:00,10000,8,25,1,1,NULL,0,8,NULL,NULL,NULL,NULL,25,NULL,NULL,NULL,NULL,NULL,NULL,"Afternoon Express - Book by 11am, delivery from 12-2pm","Afternoon Express - Book by 11am, delivery from 12-2pm (x2)"
Friday Evening Express,No,2,"32758, 32822",32758,192,321,5,18:00:00,21:00:00,10000,8,110,3,NULL,NULL,NULL,8,NULL,NULL,NULL,NULL,110,NULL,NULL,NULL,NULL,NULL,NULL,NULL,NULL (x1) | Premium live tracked delivery service with Urgent Couriers (x1)
Friday Evening Express,No,2,"33089, 33091",33089,865,870,5,15:00:00,17:00:00,10000,8,25,1,1,NULL,0,8,NULL,NULL,NULL,NULL,25,NULL,NULL,NULL,NULL,NULL,NULL,"Evening Express - Book by 2pm, delivery from 3-5pm","Evening Express - Book by 2pm, delivery from 3-5pm (x2)"
Friday Evening Home,No,2,"32770, 32799",32770,207,345,5,18:00:00,21:00:00,10000,8,110,3,NULL,NULL,NULL,8,NULL,NULL,NULL,NULL,110,NULL,NULL,NULL,NULL,NULL,NULL,Express live tracked delivery service,Express live tracked delivery service (x1) | Express delivery to your door (x1)
Frozen - Central Run,Yes,1,37022,NULL,9661,13686,2,07:00:00,17:00:00,10000,8,136,16,0,27,0,8,3,3,NULL,NULL,136,NULL,NULL,0,NULL,NULL,NULL,NULL,NULL (x2)
Frozen - North Run,Yes,1,37022,NULL,1944,13687,4,07:00:00,17:00:00,10000,8,136,16,0,27,0,8,3,3,NULL,NULL,136,NULL,NULL,NULL,NULL,NULL,NULL,NULL,NULL (x2)
Frozen - South Run,Yes,1,37022,NULL,1943,13688,3,07:00:00,17:00:00,10000,8,136,16,0,27,0,8,3,3,NULL,NULL,136,NULL,NULL,NULL,NULL,NULL,NULL,NULL,NULL (x2)
Hamilton - Auckland Afternoon Chilled,Yes,1,36991,NULL,"1494, 1495, 1496, 1497, 1498","11346, 11347, 11348, 11349, 11350","1, 2, 3, 4, 5",13:00:00,17:00:00,10000,8,123,22,0,27,0,4,2,2,NULL,NULL,123,NULL,NULL,NULL,NULL,NULL,NULL,NULL,Auckland Afternoon Chilled Delivery 1pm - 5pm Hamilton to Auckland (x5) | NULL (x5)
Hamilton - Auckland Morning Chilled,Yes,1,36991,NULL,"1671, 1672, 1673, 1674, 2049","11351, 11352, 11353, 11354, 11355","1, 2, 3, 4, 5",07:00:00,12:00:00,10000,8,122,20,0,27,0,4,2,2,NULL,NULL,122,NULL,NULL,NULL,NULL,NULL,NULL,Auckland Morning Chilled Delivery 7am - 12pm Hamilton to Auckland,Auckland Morning Chilled Delivery 7am - 12pm Hamilton to Auckland (x10)
Hamilton - Taupo,No,6,"31458, 31504, 31944, 31476, 31465, 31501",31458,"11943, 11944, 11945","11956, 11957, 11958, 11974, 11975, 11976, 11997, 11998, 11999, 12015, 12016, 12017, 12033, 12034, 12035","1, 3, 5",08:00:00,12:00:00,10000,4,128,16,1,11,1,4,NULL,NULL,127,90,128,1,NULL,0,NULL,NULL,NULL,NULL,NULL (x18)
Hamilton - Waikato Afternoon,No,5,"31504, 31944, 31476, 31465, 31501",31504,"11959, 11960, 11961, 11962, 11963","11977, 11978, 11979, 11980, 11981, 12000, 12001, 12002, 12003, 12004, 12018, 12019, 12020, 12021, 12022, 12036, 12037, 12038, 12039, 12040","1, 2, 3, 4, 5",12:00:00,17:00:00,10000,4,128,3,1,11,1,4,1,1,127,90,128,1,NULL,0,NULL,NULL,NULL,NULL,NULL (x25)
Hamilton - Waikato Afternoon,No,2,"31796, 36813",31796,"11800, 11801, 11802, 11803, 11804","12311, 12312, 12313, 12314, 12315","1, 2, 3, 4, 5",12:00:00,17:00:00,10000,4,128,3,1,11,1,4,1,1,127,37,128,1,NULL,0,NULL,NULL,NULL,NULL,NULL (x10)
Hamilton - Waikato Morning,No,5,"31504, 31944, 31476, 31465, 31501",31504,"11964, 11965, 11966, 11967, 11968","11982, 11983, 11984, 11985, 11986, 11987, 11988, 11989, 11990, 11991, 12005, 12006, 12007, 12008, 12009, 12023, 12024, 12025, 12026, 12027, 12041, 12042, 12043, 12044, 12045","1, 2, 3, 4, 5",07:00:00,13:00:00,10000,4,128,16,1,11,1,4,1,1,127,90,128,1,NULL,0,NULL,NULL,NULL,NULL,NULL (x30)
Hamilton > Auckland Express 11am-1pm,Yes,1,9196,NULL,"2303, 2304, 2305, 2306, 2307","7392, 7393, 7394, 7395, 7396, 7537, 7538, 7539, 7540, 7541","1, 2, 3, 4, 5",11:00:00,13:00:00,10000,8,145,68,1,NULL,1,4,1,1,127,37,145,1,3,NULL,NULL,NULL,NULL,NULL,NULL (x15)
Hamilton > Auckland Express 4pm-6pm,Yes,2,"9196, 31721",NULL,"2308, 2309, 2310, 2311, 2312","7397, 7398, 7399, 7400, 7401, 7542, 7543, 7544, 7545, 7546, 7607, 7608, 7609, 7610, 7611, 11697, 11698, 11699, 11700, 11701","1, 2, 3, 4, 5",16:00:00,18:00:00,10000,8,145,4,1,NULL,1,4,1,1,127,37,145,1,3,NULL,NULL,NULL,NULL,NULL,NULL (x25)
Hamilton > BOP,Yes,2,"9196, 36813",NULL,"2362, 2363, 2364, 2365, 2366","7457, 7458, 7459, 7460, 7461, 7532, 7533, 7534, 7535, 7536, 9000, 9001, 9002, 9003, 9004","1, 2, 3, 4, 5",09:00:00,12:00:00,10000,3,129,65,1,12,1,4,1,1,127,37,129,1,3,NULL,NULL,NULL,NULL,NULL,NULL (x20)
Hamilton > BOP,No,6,"31458, 31504, 31944, 31476, 31465, 31501",31458,"11938, 11939, 11940, 11941, 11942","11969, 11970, 11971, 11972, 11973, 11992, 11993, 11994, 11995, 11996, 12010, 12011, 12012, 12013, 12014, 12028, 12029, 12030, 12031, 12032, 12046, 12047, 12048, 12049, 12050","1, 2, 3, 4, 5",09:00:00,12:00:00,10000,3,129,65,1,12,1,4,1,1,127,90,129,1,3,NULL,NULL,NULL,NULL,NULL,NULL (x30)
Hamilton > Tauranga afternoon,Yes,3,"31796, 9196, 36813",NULL,"3099, 3100, 3101, 3102, 3103","5007, 5008, 5009, 5010, 5011, 7412, 7413, 7414, 7415, 7416, 7557, 7558, 7559, 7560, 7561, 9010, 9011, 9012, 9013, 9014","1, 2, 3, 4, 5",16:00:00,18:00:00,10000,3,129,4,1,12,1,4,1,1,127,37,129,1,3,NULL,NULL,NULL,NULL,NULL,NULL (x25)
Hamilton > Waikato Morning,Yes,1,32587,NULL,"10388, 10389, 10390, 10391, 10392","13671, 13672, 13673, 13674, 13675","1, 2, 3, 4, 5",07:00:00,13:00:00,10000,4,128,16,1,11,1,4,1,1,127,90,128,1,NULL,0,NULL,NULL,NULL,NULL,NULL (x10)
Hamilton Chilled 5am Run,No,2,"33710, 34623",33710,"3262, 3263, 3264, 3265, 3266","6888, 6889, 6890, 6891, 6892","1, 2, 3, 4, 5",07:00:00,15:00:00,10000,4,130,16,0,28,0,8,2,2,NULL,NULL,130,NULL,NULL,NULL,NULL,NULL,NULL,Chilled delivery into Waikato leaving Akl 5am,Chilled delivery into Waikato leaving Akl 5am (x10)
Hamilton Weds Regional,No,2,"32853, 31654",32853,502,503,3,08:00:00,17:00:00,10000,4,112,24,0,NULL,NULL,4,NULL,NULL,NULL,NULL,112,NULL,NULL,NULL,NULL,NULL,NULL,NULL,NULL (x2)
HB - Tauranga to Waikato Afternoon,No,2,"37352, 37354",37352,"13502, 13503, 13504, 13505, 13506","13542, 13543, 13544, 13545, 13546","1, 2, 3, 4, 5",12:30:00,18:00:00,10000,4,129,3,1,11,1,3,1,1,127,52,129,1,6,NULL,NULL,NULL,NULL,NULL,NULL (x10)
HB - Tauranga to Waikato Morning,No,2,"37352, 37354",37352,"13492, 13493, 13494, 13495, 13496","13547, 13548, 13549, 13550, 13551","1, 2, 3, 4, 5",07:00:00,12:00:00,10000,4,129,64,1,11,1,3,1,1,127,52,129,1,6,NULL,NULL,NULL,NULL,NULL,NULL (x10)
HB - Tauranga to Whakatane,No,2,"37354, 37352",37354,"13512, 13513, 13514, 13515, 13516","13517, 13518, 13519, 13520, 13521","1, 2, 3, 4, 5",11:00:00,14:00:00,10000,3,129,1,1,12,1,3,NULL,NULL,127,NULL,129,1,NULL,0,NULL,NULL,NULL,NULL,NULL (x10)
HB - Whakatane to Tauranga,No,2,"37352, 37354",37352,"13562, 13563, 13564, 13565, 13566","13567, 13568, 13569, 13570, 13571","1, 2, 3, 4, 5",12:00:00,17:00:00,10000,3,129,1,1,12,1,3,NULL,NULL,127,53,129,1,NULL,0,NULL,NULL,NULL,NULL,NULL (x10)
HLZ > AKL Day Run,No,19,"3191, 14927, 14582, 16947, 16513, 18188, 13713, 504, 14578, 9477, 14763, 18185, 13822, 13773, 35755, 169, 36672, 36739, 32946",3191,"3073, 3074, 3075, 3076, 3077","3335, 3336, 3337, 3338, 3339, 3380, 3381, 3382, 3383, 3384, 3425, 3426, 3427, 3428, 3429, 3470, 3471, 3472, 3473, 3474, 3515, 3516, 3517, 3518, 3519, 3560, 3561, 3562, 3563, 3564, 3650, 3651, 3652, 3653, 3654, 3695, 3696, 3697, 3698, 3699, 3740, 3741, 3742, 3743, 3744, 3785, 3786, 3787, 3788, 3789, 3830, 3831, 3832, 3833, 3834, 4827, 4828, 4829, 4830, 4831, 4902, 4903, 4904, 4905, 4906, 6333, 6334, 6335, 6336, 6337, 6938, 6939, 6940, 6941, 6942, 7094, 7095, 7096, 7097, 7098, 8640, 8641, 8642, 8643, 8644, 10114, 10115, 10116, 10117, 10118","1, 2, 3, 4, 5",11:00:00,13:00:00,10000,8,145,3,1,NULL,1,4,NULL,NULL,127,60,129,1,3,NULL,NULL,NULL,NULL,Sameday Medical Delivery to Auckland.,Sameday Medical Delivery to Auckland. (x75) | Book by 8 am for Same-day Medical Delivery to Auckland. (x10) | Book by 8am | Sameday Medical Delivery to Auckland. (x5) | Sameday Medical Delivery to Auckland (x5)
HLZ > AKL Next Day Run,No,17,"3191, 14582, 16947, 16513, 18188, 13713, 504, 9477, 14763, 18185, 13822, 13773, 35755, 169, 36672, 36739, 32946",3191,"3287, 3288, 3289, 3290, 3291","3385, 3386, 3387, 3388, 3389, 3430, 3431, 3432, 3433, 3434, 3475, 3476, 3477, 3478, 3479, 3520, 3521, 3522, 3523, 3524, 3565, 3566, 3567, 3568, 3569, 3655, 3656, 3657, 3658, 3659, 3745, 3746, 3747, 3748, 3749, 3790, 3791, 3792, 3793, 3794, 3835, 3836, 3837, 3838, 3839, 4832, 4833, 4834, 4835, 4836, 4907, 4908, 4909, 4910, 4911, 6338, 6339, 6340, 6341, 6342, 6943, 6944, 6945, 6946, 6947, 7099, 7100, 7101, 7102, 7103, 8645, 8646, 8647, 8648, 8649, 10119, 10120, 10121, 10122, 10123","1, 2, 3, 4, 5",11:00:00,13:00:00,10000,8,145,19,1,NULL,1,4,NULL,NULL,127,60,129,1,3,NULL,NULL,NULL,NULL,Next Business Day Medical Delivery to Auckland,Next Business Day Medical Delivery to Auckland (x85)
HLZ > AKL Next Day Run,No,2,"14927, 14578",14927,"3340, 3341, 3342, 3343, 3344","3700, 3701, 3702, 3703, 3704","1, 2, 3, 4, 5",11:00:00,13:00:00,10000,8,145,19,1,NULL,1,4,NULL,NULL,127,60,129,1,3,NULL,NULL,NULL,NULL,Book by 4pm | Next Business Day Medical Delivery to Auckland,Book by 4pm | Next Business Day Medical Delivery to Auckland (x5) | Book by 4 pm for Next Business Day Medical Delivery to Auckland (x5)
HLZ > AKL PM Day Run,No,17,"3191, 14582, 16947, 16513, 18188, 13713, 504, 14578, 9477, 14763, 18185, 13822, 13773, 35755, 169, 36672, 36739",3191,"3109, 3110, 3111, 3112, 3113","3390, 3391, 3392, 3393, 3394, 3435, 3436, 3437, 3438, 3439, 3480, 3481, 3482, 3483, 3484, 3525, 3526, 3527, 3528, 3529, 3570, 3571, 3572, 3573, 3574, 3660, 3661, 3662, 3663, 3664, 3705, 3706, 3707, 3708, 3709, 3750, 3751, 3752, 3753, 3754, 3795, 3796, 3797, 3798, 3799, 3840, 3841, 3842, 3843, 3844, 4837, 4838, 4839, 4840, 4841, 4912, 4913, 4914, 4915, 4916, 6343, 6344, 6345, 6346, 6347, 6948, 6949, 6950, 6951, 6952, 7104, 7105, 7106, 7107, 7108, 8650, 8651, 8652, 8653, 8654","1, 2, 3, 4, 5",16:00:00,18:00:00,10000,8,145,4,1,NULL,1,4,NULL,NULL,127,60,129,1,3,NULL,NULL,NULL,NULL,Sameday Afternoon Medical Delivery to Auckland,Sameday Afternoon Medical Delivery to Auckland (x80) | Book by 12 pm for Same-day Afternoon Medical Delivery to Auckland (x5)
HLZ > AKL PM Day Run,No,2,"14927, 32946",14927,"3345, 3346, 3347, 3348, 3349","10124, 10125, 10126, 10127, 10128","1, 2, 3, 4, 5",16:00:00,18:00:00,10000,8,145,4,1,NULL,1,4,NULL,NULL,127,60,145,1,3,NULL,NULL,NULL,NULL,Book by 12pm | Sameday Afternoon Medical Delivery to Auckland,Book by 12pm | Sameday Afternoon Medical Delivery to Auckland (x5) | Sameday Afternoon Medical Delivery to Auckland (x5)
Hyper Ride 2 - 3 Hour Service 10am,No,2,"15744, 32929",15744,"2983, 2984, 2986, 2987, 6781","13332, 13333, 13334, 13335, 13336","1, 2, 3, 4, 5",10:00:00,12:00:00,10000,8,153,1,1,62,0,8,1,1,NULL,NULL,25,NULL,NULL,NULL,NULL,NULL,NULL,NULL,NULL (x10)
Kaimai - North Island Freight Collection,No,2,"32082, 15608",32082,"11928, 11929, 11930, 11931, 11932","12092, 12093, 12094, 12095, 12096","1, 2, 3, 4, 5",10:00:00,12:00:00,10000,4,128,2,1,28,0,3,NULL,NULL,NULL,NULL,128,NULL,NULL,NULL,NULL,NULL,NULL,Chilled Collection for Auckland and LNI freight to HLZ Depot,Chilled Collection for Auckland and LNI freight to HLZ Depot (x10)
Monday Afternoon Express,No,2,"33089, 33091",33089,876,881,1,12:00:00,14:00:00,10000,8,25,1,1,NULL,0,8,NULL,NULL,NULL,NULL,25,NULL,NULL,NULL,NULL,NULL,NULL,"Afternoon Express - Book by 11am, delivery from 12-2pm","Afternoon Express - Book by 11am, delivery from 12-2pm (x2)"
Monday Evening Express,No,2,"32758, 32822",32758,189,317,1,18:00:00,21:00:00,10000,8,110,3,NULL,NULL,NULL,8,NULL,NULL,NULL,NULL,110,NULL,NULL,NULL,NULL,NULL,NULL,NULL,NULL (x1) | Premium live tracked delivery service with Urgent Couriers (x1)
Monday Evening Express,No,2,"33089, 33091",33089,861,866,1,15:00:00,17:00:00,10000,8,25,1,1,NULL,0,8,NULL,NULL,NULL,NULL,25,NULL,NULL,NULL,NULL,NULL,NULL,"Evening Express - Book by 2pm, delivery from 3-5pm","Evening Express - Book by 2pm, delivery from 3-5pm (x2)"
Monday Evening Home,No,2,"32770, 32799",32770,205,341,1,18:00:00,21:00:00,10000,8,110,3,NULL,NULL,NULL,8,NULL,NULL,NULL,NULL,110,NULL,NULL,NULL,NULL,NULL,NULL,Express live tracked delivery service,Express live tracked delivery service (x1) | Express delivery to your door (x1)
Monday Morning Express,No,2,"33089, 33091",33089,871,886,1,10:00:00,12:00:00,10000,8,25,1,1,NULL,0,8,NULL,NULL,NULL,NULL,25,NULL,NULL,NULL,NULL,NULL,NULL,"Morning Express - Book by 9am, delivery from 10am-12pm","Morning Express - Book by 9am, delivery from 10am-12pm (x2)"
Mothers Day,No,2,"17589, 33656",17589,4768,4769,7,08:00:00,15:00:00,10000,8,96,20,0,NULL,0,8,NULL,NULL,NULL,NULL,96,NULL,NULL,NULL,NULL,NULL,NULL,NULL,NULL (x2)
Outer BOP > Tauranga,Yes,1,17272,NULL,"12831, 12832, 12833, 12834, 12835","13759, 13760, 13761, 13762, 13763","1, 2, 3, 4, 5",12:00:00,17:00:00,10000,3,129,1,1,12,1,3,NULL,NULL,127,53,129,1,NULL,0,NULL,NULL,NULL,NULL,NULL (x10)
P2P Auckland > BoP Express 10am - 3:30pm,No,2,"32896, 36834",32896,"7846, 7847, 7848, 7849, 7850","8790, 8791, 8792, 8793, 8794","1, 2, 3, 4, 5",10:00:00,15:00:00,10000,3,129,20,1,12,0,8,1,1,127,NULL,129,1,2,NULL,NULL,NULL,NULL,Paddock to Pantry Tauranga Deliveries,Paddock to Pantry Tauranga Deliveries (x10)
P2P Auckland > Hamilton Express 1pm - 5pm,No,2,"32896, 36834",32896,"5017, 5018, 5019, 5020, 5021","8795, 8796, 8797, 8798, 8799","1, 2, 3, 4, 5",13:00:00,17:00:00,10000,4,128,3,1,80,0,8,1,1,127,NULL,128,1,2,NULL,NULL,NULL,NULL,Paddock to Pantry Waikato Deliveries,Paddock to Pantry Waikato Deliveries (x10)
Pukekohe > AKL Returns,No,4,"35755, 18188, 36739, 13773",35755,"10688, 10689, 10690, 10691, 10692","10819, 10820, 10821, 10822, 10823, 10924, 10925, 10926, 10927, 10928, 11134, 11135, 11136, 11137, 11138","1, 2, 3, 4, 5",11:00:00,13:00:00,10000,8,154,3,1,NULL,1,8,1,1,127,64,154,1,2,NULL,NULL,NULL,NULL,Sameday Medical Delivery to Auckland,Sameday Medical Delivery to Auckland (x20)
Pukekohe > AKL Run,No,5,"13713, 14927, 16947, 14578, 3191",13713,"7617, 7618, 7619, 7620, 7621","7664, 7665, 7666, 7667, 7668, 7730, 7731, 7732, 7733, 7734, 9298, 9299, 9300, 9301, 9302, 9484, 9485, 9486, 9487, 9488","1, 2, 3, 4, 5",11:00:00,13:00:00,10000,8,154,3,1,NULL,1,8,1,1,127,64,154,1,2,NULL,NULL,NULL,NULL,Sameday Medical Delivery to Auckland,Sameday Medical Delivery to Auckland (x25)
Pukekohe > AKL Run,No,5,"18185, 169, 32946, 14821, 9477",18185,"9192, 9193, 9194, 9195, 9196","9564, 9565, 9566, 9567, 9568, 10194, 10195, 10196, 10197, 10198, 10568, 10569, 10570, 10571, 10572, 10578, 10579, 10580, 10581, 10582","1, 2, 3, 4, 5",11:00:00,13:00:00,10000,8,154,3,1,NULL,1,8,1,1,127,64,154,1,2,NULL,NULL,NULL,NULL,Book by 8 am for delivery by 1:00 pm sameday,Sameday Medical Delivery to Auckland (x20) | Book by 8 am for delivery by 1:00 pm sameday (x5)
Pukekohe Afternoon Delivery,No,4,"3191, 169, 9477, 35755",3191,"9606, 9607, 9608, 9609, 9610","9611, 9612, 9613, 9614, 9615, 10678, 10679, 10680, 10681, 10682, 10693, 10694, 10695, 10696, 10697","1, 2, 3, 4, 5",12:00:00,17:00:00,10000,8,140,2,NULL,62,1,8,NULL,NULL,1,62,140,0,NULL,NULL,NULL,NULL,NULL,Book by 10 am for sameday delivery,Book by 10 am for sameday delivery (x20)
Pukekohe Afternoon Delivery,No,2,"18185, 16947",18185,"9596, 9597, 9598, 9599, 9600","9682, 9683, 9684, 9685, 9686","1, 2, 3, 4, 5",12:00:00,17:00:00,10000,8,140,2,NULL,64,1,8,NULL,NULL,1,62,140,0,NULL,NULL,NULL,NULL,NULL,Book by 10 am for sameday delivery,Book by 10 am for sameday delivery (x10)
ROT > AKL Day Run,No,17,"3191, 14927, 16947, 16513, 18188, 13713, 504, 14578, 9477, 14763, 18185, 13822, 13773, 35755, 169, 36672, 32946",3191,"3282, 3283, 3284, 3285, 3286","3350, 3351, 3352, 3353, 3354, 3440, 3441, 3442, 3443, 3444, 3485, 3486, 3487, 3488, 3489, 3530, 3531, 3532, 3533, 3534, 3575, 3576, 3577, 3578, 3579, 3665, 3666, 3667, 3668, 3669, 3710, 3711, 3712, 3713, 3714, 3755, 3756, 3757, 3758, 3759, 3800, 3801, 3802, 3803, 3804, 3845, 3846, 3847, 3848, 3849, 4842, 4843, 4844, 4845, 4846, 4917, 4918, 4919, 4920, 4921, 6348, 6349, 6350, 6351, 6352, 6953, 6954, 6955, 6956, 6957, 7109, 7110, 7111, 7112, 7113, 10129, 10130, 10131, 10132, 10133","1, 2, 3, 4, 5",16:00:00,18:00:00,10000,8,145,6,1,NULL,1,4,NULL,NULL,127,39,129,1,3,NULL,NULL,NULL,NULL,Sameday Medical Delivery to Auckland,Sameday Medical Delivery to Auckland (x75) | Book by 10am | Sameday Medical Delivery to Auckland (x5) | Book by 10 am for Same-day Medical Delivery to Auckland (x5)
ROT > AKL Next Day Run,No,15,"3191, 16947, 16513, 18188, 13713, 504, 9477, 14763, 18185, 13822, 13773, 35755, 169, 36672, 32946",3191,"3083, 3084, 3085, 3086, 3087","3445, 3446, 3447, 3448, 3449, 3490, 3491, 3492, 3493, 3494, 3535, 3536, 3537, 3538, 3539, 3580, 3581, 3582, 3583, 3584, 3670, 3671, 3672, 3673, 3674, 3760, 3761, 3762, 3763, 3764, 3805, 3806, 3807, 3808, 3809, 3850, 3851, 3852, 3853, 3854, 4847, 4848, 4849, 4850, 4851, 4922, 4923, 4924, 4925, 4926, 6353, 6354, 6355, 6356, 6357, 6958, 6959, 6960, 6961, 6962, 7114, 7115, 7116, 7117, 7118, 10134, 10135, 10136, 10137, 10138","1, 2, 3, 4, 5",11:00:00,16:00:00,10000,8,145,20,1,NULL,1,4,NULL,NULL,127,39,129,1,3,NULL,NULL,NULL,NULL,Next Business Day Medical Delivery to Auckland,Next Business Day Medical Delivery to Auckland (x75)
Standard Baggage Run 12 pm,No,2,"16730, 16166",16730,"11380, 11381, 11382, 11383, 11384, 11385, 11386","13602, 13603, 13604, 13605, 13606, 13607, 13608","1, 2, 3, 4, 5, 6, 7",12:00:00,16:00:00,10000,16,160,0,1,86,0,16,1,1,NULL,NULL,160,NULL,NULL,0,NULL,NULL,NULL,Book by 12 pm | Standard Delivery within 4 hours,Book by 12 pm | Standard Delivery within 4 hours (x14)
Standard Baggage Run 4pm,No,4,"16730, 17326, 35642, 16166",16730,"11329, 11330, 11331, 11332, 11333, 11344, 11345","12247, 12248, 12249, 12250, 12251, 12252, 12253, 13355, 13356, 13357, 13358, 13359, 13360, 13361, 13609, 13610, 13611, 13612, 13613, 13614, 13615","1, 2, 3, 4, 5, 6, 7",16:00:00,20:00:00,10000,16,160,0,1,86,0,16,1,1,NULL,NULL,160,NULL,NULL,0,NULL,NULL,NULL,Book by 4pm | Standard Delivery within 4 hours,Book by 4pm | Standard Delivery within 4 hours (x28)
Standard Baggage Run 6pm,No,4,"16730, 17326, 35642, 16166",16730,"11373, 11374, 11375, 11376, 11377, 11378, 11379","12261, 12262, 12263, 12264, 12265, 12266, 12267, 13362, 13363, 13364, 13365, 13366, 13367, 13368, 13616, 13617, 13618, 13619, 13620, 13621, 13622","1, 2, 3, 4, 5, 6, 7",18:00:00,22:00:00,10000,16,160,0,1,86,0,16,1,1,NULL,NULL,160,NULL,NULL,0,NULL,NULL,NULL,Book by 6pm | Standard Delivery within 4 hours,Book by 6pm | Standard Delivery within 4 hours (x28)
Standard Baggage Run 9pm,No,3,"16730, 35642, 16166",16730,"11366, 11367, 11368, 11369, 11370, 11371, 11372","13369, 13370, 13371, 13372, 13373, 13374, 13375, 13623, 13624, 13625, 13626, 13627, 13628, 13629","1, 2, 3, 4, 5, 6, 7",21:00:00,23:00:00,10000,16,160,0,1,86,0,16,1,1,NULL,NULL,160,NULL,NULL,0,NULL,NULL,NULL,Book by 9pm | Standard Delivery within 4 hours,Book by 9pm | Standard Delivery within 4 hours (x21)
Store-to-Door Express Delivery 10am,No,2,"36266, 17589",36266,"8349, 8350, 8351, 8352, 8353","8559, 8560, 8561, 8562, 8563","1, 2, 3, 4, 5",10:00:00,13:00:00,10000,8,4,1,1,NULL,NULL,8,NULL,NULL,NULL,NULL,4,NULL,NULL,NULL,NULL,NULL,NULL,"Live tracked delivery service, the mobile number entered below will receive the tracking","Live tracked delivery service, the mobile number entered below will receive the tracking (x10)"
Store-to-Door Express Delivery 11am,No,2,"36266, 17589",36266,"8357, 8358, 8359, 8360, 8361","8565, 8566, 8567, 8568, 8569","1, 2, 3, 4, 5",11:00:00,14:00:00,10000,8,4,1,1,NULL,NULL,8,NULL,NULL,NULL,NULL,4,NULL,NULL,NULL,NULL,NULL,NULL,"Live tracked delivery service, the mobile number entered below will receive the tracking","Live tracked delivery service, the mobile number entered below will receive the tracking (x10)"
Store-to-Door Express Delivery 12pm,No,2,"36266, 17589",36266,"8377, 8378, 8379, 8380, 8382","8593, 8594, 8596, 8597, 8598","1, 2, 3, 4, 5",12:00:00,15:00:00,10000,8,4,1,1,NULL,NULL,8,NULL,NULL,NULL,NULL,4,NULL,NULL,NULL,NULL,NULL,NULL,"Live tracked delivery service, the mobile number entered below will receive the tracking","Live tracked delivery service, the mobile number entered below will receive the tracking (x10)"
Store-to-Door Express Delivery 1pm,No,2,"36266, 17589",36266,"8363, 8364, 8366, 8367, 8368","8572, 8573, 8575, 8576, 8577","1, 2, 3, 4, 5",13:00:00,16:00:00,10000,8,4,1,1,NULL,NULL,8,NULL,NULL,NULL,NULL,4,NULL,NULL,NULL,NULL,NULL,NULL,"Live tracked delivery service, the mobile number entered below will receive the tracking","Live tracked delivery service, the mobile number entered below will receive the tracking (x10)"
Store-to-Door Express Delivery 2pm,No,2,"36266, 17589",36266,"8370, 8371, 8372, 8373, 8374","8579, 8580, 8581, 8582, 8583","1, 2, 3, 4, 5",14:00:00,17:00:00,10000,8,4,1,1,NULL,NULL,8,NULL,NULL,NULL,NULL,4,NULL,NULL,NULL,NULL,NULL,NULL,"Live tracked delivery service, the mobile number entered below will receive the tracking","Live tracked delivery service, the mobile number entered below will receive the tracking (x10)"
Sunday Auckland Home Delivery,No,2,"32853, 32854",32853,370,376,7,14:00:00,20:00:00,10000,8,95,14,0,NULL,NULL,8,NULL,NULL,NULL,NULL,95,NULL,NULL,NULL,NULL,NULL,NULL,Express live tracked delivery on Sunday evening,Express live tracked delivery on Sunday evening (x2)
Sunday Christchurch Home Delivery,No,2,"32853, 32854",32853,369,377,7,14:00:00,20:00:00,10000,20,95,14,0,NULL,NULL,20,NULL,NULL,NULL,NULL,95,NULL,NULL,NULL,NULL,NULL,NULL,Express live tracked delivery on Sunday evening,Express live tracked delivery on Sunday evening (x2)
Sunday Hamilton Home Delivery,No,2,"32853, 32854",32853,371,378,7,14:00:00,20:00:00,10000,4,95,14,0,NULL,NULL,4,NULL,NULL,NULL,NULL,95,NULL,NULL,NULL,NULL,NULL,NULL,Express live tracked delivery on Sunday evening,Express live tracked delivery on Sunday evening (x2)
Sunday Napier Home Delivery,No,2,"32853, 32854",32853,372,379,7,14:00:00,20:00:00,10000,10,95,14,0,NULL,NULL,10,NULL,NULL,NULL,NULL,95,NULL,NULL,NULL,NULL,NULL,NULL,Express live tracked delivery on Sunday evening,Express live tracked delivery on Sunday evening (x2)
Sunday Palmerston North Home Delivery,No,2,"32853, 32854",32853,374,381,7,14:00:00,20:00:00,10000,6,95,14,0,NULL,NULL,6,NULL,NULL,NULL,NULL,95,NULL,NULL,NULL,NULL,NULL,NULL,Express live tracked delivery on Sunday evening,Express live tracked delivery on Sunday evening (x2)
Sunday Tauranga Home Delivery,No,2,"32853, 32854",32853,373,382,7,14:00:00,20:00:00,10000,3,95,14,0,NULL,NULL,3,NULL,NULL,NULL,NULL,95,NULL,NULL,NULL,NULL,NULL,NULL,Express live tracked delivery on Sunday evening,Express live tracked delivery on Sunday evening (x2)
Sunday Wellington Home Delivery,No,2,"32853, 32854",32853,375,380,7,14:00:00,20:00:00,10000,16,95,14,0,NULL,NULL,16,NULL,NULL,NULL,NULL,95,NULL,NULL,NULL,NULL,NULL,NULL,Express live tracked delivery on Sunday evening,Express live tracked delivery on Sunday evening (x2)
Taupo > Tauranga,Yes,1,36813,NULL,"11822, 11823, 11824","12337, 12338, 12339","1, 3, 5",09:00:00,18:00:00,10000,3,129,2,0,12,1,4,NULL,NULL,127,87,129,1,NULL,0,NULL,NULL,NULL,NULL,NULL (x6)
Tauranga 1 Hour*10:00:00-11:00:00,No,2,"12671, 33118",12671,"1747, 1804, 1811, 1818, 1825, 1832, 1839","5060, 5061, 5062, 5063, 5064, 5065, 5066","1, 2, 3, 4, 5, 6, 7",10:00:00,11:00:00,10000,3,99,0,1,17,0,3,NULL,NULL,NULL,NULL,99,NULL,NULL,NULL,NULL,NULL,NULL,Urgent Couriers 1 Hour carbon-neutral delivery with live tracking,Urgent Couriers 1 Hour carbon-neutral delivery with live tracking (x14)
Tauranga 1 Hour*11:00:00-12:00:00,No,2,"12671, 33118",12671,"1748, 1805, 1812, 1819, 1826, 1833, 1840","5067, 5068, 5069, 5070, 5071, 5072, 5073","1, 2, 3, 4, 5, 6, 7",11:00:00,12:00:00,10000,3,99,0,1,17,0,3,NULL,NULL,NULL,NULL,99,NULL,NULL,NULL,NULL,NULL,NULL,Urgent Couriers 1 Hour carbon-neutral delivery with live tracking,Urgent Couriers 1 Hour carbon-neutral delivery with live tracking (x14)
Tauranga 1 Hour*12:00:00-13:00:00,No,2,"12671, 33118",12671,"1749, 1806, 1813, 1820, 1827, 1834, 1841","5074, 5075, 5076, 5077, 5078, 5079, 5080","1, 2, 3, 4, 5, 6, 7",12:00:00,13:00:00,10000,3,99,0,1,17,0,3,NULL,NULL,NULL,NULL,99,NULL,NULL,NULL,NULL,NULL,NULL,Urgent Couriers 1 Hour carbon-neutral delivery with live tracking,Urgent Couriers 1 Hour carbon-neutral delivery with live tracking (x14)
Tauranga 1 Hour*13:00:00-14:00:00,No,2,"12671, 33118",12671,"1750, 1807, 1814, 1821, 1828, 1835, 1842","5081, 5082, 5083, 5084, 5085, 5086, 5087","1, 2, 3, 4, 5, 6, 7",13:00:00,14:00:00,10000,3,99,0,1,17,0,3,NULL,NULL,NULL,NULL,99,NULL,NULL,NULL,NULL,NULL,NULL,Urgent Couriers 1 Hour carbon-neutral delivery with live tracking,Urgent Couriers 1 Hour carbon-neutral delivery with live tracking (x14)
Tauranga 1 Hour*14:00:00-15:00:00,No,2,"12671, 33118",12671,"1751, 1808, 1815, 1822, 1829, 1836, 1843","5088, 5089, 5090, 5091, 5092, 5093, 5094","1, 2, 3, 4, 5, 6, 7",14:00:00,15:00:00,10000,3,99,0,1,17,0,3,NULL,NULL,NULL,NULL,99,NULL,NULL,NULL,NULL,NULL,NULL,Urgent Couriers 1 Hour carbon-neutral delivery with live tracking,Urgent Couriers 1 Hour carbon-neutral delivery with live tracking (x14)
Tauranga 1 Hour*15:00:00-16:00:00,No,2,"12671, 33118",12671,"1752, 1809, 1816, 1823, 1830, 1837, 1844","5095, 5096, 5097, 5098, 5099, 5100, 5101","1, 2, 3, 4, 5, 6, 7",15:00:00,16:00:00,10000,3,99,0,1,17,0,3,NULL,NULL,NULL,NULL,99,NULL,NULL,NULL,NULL,NULL,NULL,Urgent Couriers 1 Hour carbon-neutral delivery with live tracking,Urgent Couriers 1 Hour carbon-neutral delivery with live tracking (x14)
Tauranga 1 Hour*16:00:00-17:00:00,No,2,"12671, 33118",12671,"1753, 1810, 1817, 1824, 1831, 1838, 1845","5102, 5103, 5104, 5105, 5106, 5107, 5108","1, 2, 3, 4, 5, 6, 7",16:00:00,17:00:00,10000,3,99,0,1,17,0,3,NULL,NULL,NULL,NULL,99,NULL,NULL,NULL,NULL,NULL,NULL,Urgent Couriers 1 Hour carbon-neutral delivery with live tracking,Urgent Couriers 1 Hour carbon-neutral delivery with live tracking (x14)
Tauranga > BOP Outer Run,No,2,"31488, 31486",31488,"11674, 11675, 11676, 11677, 11678","12133, 12134, 12135, 12136, 12137","1, 2, 3, 4, 5",11:00:00,14:00:00,10000,3,129,1,1,12,1,3,NULL,NULL,127,52,129,1,6,0,NULL,NULL,NULL,NULL,NULL (x10)
Tauranga > Outer BOP,Yes,1,17272,NULL,"12829, 12830, 12836, 12837, 12838","13754, 13755, 13756, 13757, 13758","1, 2, 3, 4, 5",11:00:00,14:00:00,10000,3,129,1,1,12,1,3,NULL,NULL,127,NULL,129,1,NULL,0,NULL,NULL,NULL,NULL,NULL (x10)
Tauranga > Waikato Afternoon Run,Yes,1,32943,NULL,"2382, 2383, 2384, 2385, 2386","11752, 11753, 11754, 11755, 11756","1, 2, 3, 4, 5",12:30:00,18:00:00,10000,4,129,3,1,11,1,3,1,1,127,52,129,1,6,NULL,NULL,NULL,NULL,NULL,NULL (x10)
Tauranga > Waikato Morning Run,Yes,2,"9196, 31730",NULL,"2367, 2368, 2369, 2370, 2371","7492, 7493, 7494, 7495, 7496, 7587, 7588, 7589, 7590, 7591, 11687, 11688, 11689, 11690, 11691","1, 2, 3, 4, 5",07:00:00,12:00:00,10000,4,129,16,1,11,1,3,1,1,127,52,129,1,6,NULL,NULL,NULL,NULL,NULL,NULL (x20)
Tauranga > Whakatane Run,No,4,"32186, 32206, 32993, 35321",32186,"12118, 12119, 12120, 12121, 12122","12123, 12124, 12125, 12126, 12127, 12128, 12129, 12130, 12131, 12132, 12153, 12154, 12155, 12156, 12157","1, 2, 3, 4, 5",11:00:00,14:00:00,10000,3,129,1,1,12,1,3,NULL,NULL,127,52,129,1,6,0,NULL,NULL,NULL,Book by 10:00am for same day delivery 2pm,Book by 10:00am for same day delivery 2pm (x20)
Tauranga > Whakatane Run,No,2,"32767, 32246",32767,"12163, 12164, 12165, 12166, 12167","12168, 12169, 12170, 12171, 12172","1, 2, 3, 4, 5",11:00:00,14:00:00,10000,3,129,1,1,12,1,3,NULL,NULL,127,52,129,1,6,1,90,NULL,NULL,Tauranga > Whakatane Run Book by 10:00am for same day delivery 2pm,Tauranga > Whakatane Run Book by 10:00am for same day delivery 2pm (x10)
Tauranga Weds Regional,No,2,"31654, 32853",31654,510,511,3,08:00:00,17:00:00,10000,3,112,24,0,NULL,NULL,3,NULL,NULL,NULL,NULL,112,NULL,NULL,NULL,NULL,NULL,NULL,NULL,NULL (x2)
Thursday Afternoon Express,No,2,"33089, 33091",33089,879,884,4,12:00:00,14:00:00,10000,8,25,1,1,NULL,0,8,NULL,NULL,NULL,NULL,25,NULL,NULL,NULL,NULL,NULL,NULL,"Afternoon Express - Book by 11am, delivery from 12-2pm","Afternoon Express - Book by 11am, delivery from 12-2pm (x2)"
Thursday Evening Express,No,2,"32758, 32822",32758,191,320,4,18:00:00,21:00:00,10000,8,110,3,NULL,NULL,NULL,8,NULL,NULL,NULL,NULL,110,NULL,NULL,NULL,NULL,NULL,NULL,NULL,NULL (x1) | Premium live tracked delivery service with Urgent Couriers (x1)
Thursday Evening Express,No,2,"33089, 33091",33089,864,869,4,15:00:00,17:00:00,10000,8,25,1,1,NULL,0,8,NULL,NULL,NULL,NULL,25,NULL,NULL,NULL,NULL,NULL,NULL,"Evening Express - Book by 2pm, delivery from 3-5pm","Evening Express - Book by 2pm, delivery from 3-5pm (x2)"
Thursday Morning Express,No,2,"33089, 33091",33089,874,889,4,10:00:00,12:00:00,10000,8,25,1,1,NULL,0,8,NULL,NULL,NULL,NULL,25,NULL,NULL,NULL,NULL,NULL,NULL,"Morning Express - Book by 9am, delivery from 10am-12pm","Morning Express - Book by 9am, delivery from 10am-12pm (x2)"
TRG > AKL Day Run,No,15,"14582, 16947, 16513, 18188, 13713, 504, 9477, 14763, 18185, 3191, 13822, 35755, 169, 36672, 36739",14582,"3405, 3406, 3407, 3408, 3409","3450, 3451, 3452, 3453, 3454, 3495, 3496, 3497, 3498, 3499, 3540, 3541, 3542, 3543, 3544, 3585, 3586, 3587, 3588, 3589, 3675, 3676, 3677, 3678, 3679, 3765, 3766, 3767, 3768, 3769, 3810, 3811, 3812, 3813, 3814, 3855, 3856, 3857, 3858, 3859, 3880, 3881, 3882, 3883, 3884, 4852, 4853, 4854, 4855, 4856, 6358, 6359, 6360, 6361, 6362, 6963, 6964, 6965, 6966, 6967, 7119, 7120, 7121, 7122, 7123, 8665, 8666, 8667, 8668, 8669","1, 2, 3, 4, 5",16:00:00,18:00:00,10000,8,145,7,1,NULL,1,3,NULL,NULL,127,12,129,1,6,NULL,NULL,NULL,NULL,Sameday Medical Delivery to Auckland,Sameday Medical Delivery to Auckland (x75)
TRG > AKL Day Run,No,2,"14927, 32946",14927,"3360, 3361, 3362, 3363, 3364","10139, 10140, 10141, 10142, 10143","1, 2, 3, 4, 5",16:00:00,18:00:00,10000,8,145,7,1,NULL,1,3,NULL,NULL,127,52,129,1,6,NULL,NULL,NULL,NULL,Book by 9am | Sameday Medical Delivery to Auckland,Book by 9am | Sameday Medical Delivery to Auckland (x5) | Sameday Medical Delivery to Auckland (x5)
TRG > AKL Next Day Run,No,15,"14582, 16947, 16513, 18188, 13713, 504, 9477, 14763, 18185, 3191, 13822, 35755, 169, 36672, 36739",14582,"3410, 3411, 3412, 3413, 3414","3455, 3456, 3457, 3458, 3459, 3500, 3501, 3502, 3503, 3504, 3545, 3546, 3547, 3548, 3549, 3590, 3591, 3592, 3593, 3594, 3680, 3681, 3682, 3683, 3684, 3770, 3771, 3772, 3773, 3774, 3815, 3816, 3817, 3818, 3819, 3860, 3861, 3862, 3863, 3864, 3885, 3886, 3887, 3888, 3889, 4857, 4858, 4859, 4860, 4861, 6363, 6364, 6365, 6366, 6367, 6968, 6969, 6970, 6971, 6972, 7124, 7125, 7126, 7127, 7128, 8670, 8671, 8672, 8673, 8674","1, 2, 3, 4, 5",11:00:00,13:00:00,10000,8,145,18,1,NULL,1,3,NULL,NULL,127,12,129,1,6,NULL,NULL,NULL,NULL,Next Business Day Medical Delivery to Auckland,Next Business Day Medical Delivery to Auckland (x75)
Tuesday Afternoon Express,No,2,"33089, 33091",33089,877,882,2,12:00:00,14:00:00,10000,8,25,1,1,NULL,0,8,NULL,NULL,NULL,NULL,25,NULL,NULL,NULL,NULL,NULL,NULL,"Afternoon Express - Book by 11am, delivery from 12-2pm","Afternoon Express - Book by 11am, delivery from 12-2pm (x2)"
Tuesday Evening Express,No,2,"32758, 32822",32758,188,318,2,18:00:00,21:00:00,10000,8,110,3,NULL,NULL,NULL,8,NULL,NULL,NULL,NULL,110,NULL,NULL,NULL,NULL,NULL,NULL,NULL,NULL (x1) | Premium live tracked delivery service with Urgent Couriers (x1)
Tuesday Evening Express,No,2,"33089, 33091",33089,862,867,2,15:00:00,17:00:00,10000,8,25,1,1,NULL,0,8,NULL,NULL,NULL,NULL,25,NULL,NULL,NULL,NULL,NULL,NULL,"Evening Express - Book by 2pm, delivery from 3-5pm","Evening Express - Book by 2pm, delivery from 3-5pm (x2)"
Tuesday Morning Express,No,2,"33089, 33091",33089,872,887,2,10:00:00,12:00:00,10000,8,25,1,1,NULL,0,8,NULL,NULL,NULL,NULL,25,NULL,NULL,NULL,NULL,NULL,NULL,"Morning Express - Book by 9am, delivery from 10am-12pm","Morning Express - Book by 9am, delivery from 10am-12pm (x2)"
Urgent Express Delivery 10am,No,4,"32584, 32893, 32896, 32335",32584,"5134, 5135, 5136, 5137, 5138, 5152, 5153","5217, 5218, 5219, 5220, 5221, 5222, 5223, 5231, 5232, 5233, 5234, 5235, 5236, 5237, 5286, 5287, 5288, 5289, 5290, 5291, 5292","1, 2, 3, 4, 5, 6, 7",10:00:00,13:00:00,10000,8,4,1,1,NULL,NULL,8,NULL,NULL,NULL,NULL,4,NULL,NULL,NULL,NULL,NULL,NULL,"Live tracked delivery service, the mobile number entered below will receive the tracking","Live tracked delivery service, the mobile number entered below will receive the tracking (x28)"
Urgent Express Delivery 11am,No,4,"32584, 32893, 32896, 32335",32584,"5129, 5130, 5131, 5132, 5133, 5154, 5155","5210, 5211, 5212, 5213, 5214, 5215, 5216, 5238, 5239, 5240, 5241, 5242, 5243, 5244, 5293, 5294, 5295, 5296, 5297, 5298, 5299","1, 2, 3, 4, 5, 6, 7",11:00:00,14:00:00,10000,8,4,1,1,NULL,NULL,8,NULL,NULL,NULL,NULL,4,NULL,NULL,NULL,NULL,NULL,NULL,"Live tracked delivery service, the mobile number entered below will receive the tracking","Live tracked delivery service, the mobile number entered below will receive the tracking (x28)"
Urgent Express Delivery 12pm,No,2,"32896, 32335",32896,"5266, 5267, 5268, 5269, 5270, 5271, 5272","5300, 5301, 5302, 5303, 5304, 5305, 5306","1, 2, 3, 4, 5, 6, 7",12:00:00,15:00:00,10000,8,4,1,1,NULL,NULL,8,NULL,NULL,NULL,NULL,4,NULL,NULL,NULL,NULL,NULL,NULL,"Live tracked delivery service, the mobile number entered below will receive the tracking","Live tracked delivery service, the mobile number entered below will receive the tracking (x14)"
Urgent Express Delivery 1pm,No,4,"32584, 32893, 32896, 32335",32584,"5115, 5116, 5117, 5118, 5119, 5158, 5159","5203, 5204, 5205, 5206, 5207, 5208, 5209, 5245, 5246, 5247, 5248, 5249, 5250, 5251, 5307, 5308, 5309, 5310, 5311, 5312, 5313","1, 2, 3, 4, 5, 6, 7",13:00:00,16:00:00,10000,8,4,1,1,NULL,NULL,8,NULL,NULL,NULL,NULL,4,NULL,NULL,NULL,NULL,NULL,NULL,"Live tracked delivery service, the mobile number entered below will receive the tracking","Live tracked delivery service, the mobile number entered below will receive the tracking (x28)"
Urgent Express Delivery 2pm,No,4,"32584, 32893, 32896, 32335",32584,"5122, 5123, 5124, 5125, 5126, 5162, 5163","5196, 5197, 5198, 5199, 5200, 5201, 5202, 5252, 5253, 5254, 5255, 5256, 5257, 5258, 5314, 5315, 5316, 5317, 5318, 5319, 5320","1, 2, 3, 4, 5, 6, 7",14:00:00,17:00:00,10000,8,4,1,1,NULL,NULL,8,NULL,NULL,NULL,NULL,4,NULL,NULL,NULL,NULL,NULL,NULL,"Live tracked delivery service, the mobile number entered below will receive the tracking","Live tracked delivery service, the mobile number entered below will receive the tracking (x28)"
Urgent Express Delivery 3pm,No,4,"32584, 32893, 32896, 32335",32584,"5144, 5145, 5146, 5147, 5148, 5164, 5165","5189, 5190, 5191, 5192, 5193, 5194, 5195, 5259, 5260, 5261, 5262, 5263, 5264, 5265, 5321, 5322, 5323, 5324, 5325, 5326, 5327","1, 2, 3, 4, 5, 6, 7",15:00:00,18:00:00,10000,8,4,1,1,NULL,NULL,8,NULL,NULL,NULL,NULL,4,NULL,NULL,NULL,NULL,NULL,NULL,"Live tracked delivery service, the mobile number entered below will receive the tracking","Live tracked delivery service, the mobile number entered below will receive the tracking (x28)"
Urgent Express Delivery 9am,No,2,"32584, 32893",32584,"5139, 5140, 5141, 5142, 5143, 5150, 5151","5182, 5183, 5184, 5185, 5186, 5187, 5188","1, 2, 3, 4, 5, 6, 7",09:00:00,12:00:00,10000,8,4,1,1,14,NULL,8,NULL,NULL,NULL,NULL,4,NULL,NULL,NULL,NULL,NULL,NULL,"Live tracked delivery service, the mobile number entered below will receive the tracking","Live tracked delivery service, the mobile number entered below will receive the tracking (x14)"
Waikato > Tauranga afternoon,Yes,2,"9196, 36813",NULL,"2372, 2373, 2374, 2375, 2376","7417, 7418, 7419, 7420, 7421, 7592, 7593, 7594, 7595, 7596, 9005, 9006, 9007, 9008, 9009","1, 2, 3, 4, 5",16:00:00,18:00:00,10000,3,129,6,1,12,1,4,1,1,127,90,129,1,3,NULL,NULL,NULL,NULL,NULL,NULL (x20)
Waikato Local & Outer > BOP,Yes,2,"9196, 36813",NULL,"2357, 2358, 2359, 2360, 2361","7462, 7463, 7464, 7465, 7466, 7597, 7598, 7599, 7600, 7601, 7602, 7603, 7604, 7605, 7606, 8995, 8996, 8997, 8998, 8999","1, 2, 3, 4, 5",09:00:00,17:00:00,10000,3,129,18,1,12,1,4,1,1,127,90,129,1,3,NULL,NULL,NULL,NULL,NULL,NULL (x25)
Waikato Outer - Morning,Yes,1,36813,NULL,"10368, 10369, 10370, 10371, 10372","12329, 12330, 12331, 12332, 12333","1, 2, 3, 4, 5",08:00:00,12:00:00,10000,4,128,2,1,11,1,4,NULL,NULL,127,90,128,1,NULL,0,NULL,NULL,NULL,NULL,NULL (x10)
"Waikato Outer > Taupo, Tokoroa, Putaruru",Yes,1,31492,NULL,"5660, 5661, 5662","12933, 12934, 12935","1, 3, 5",07:00:00,12:00:00,10000,4,128,24,1,11,1,4,NULL,NULL,127,90,128,1,NULL,0,NULL,NULL,NULL,NULL,NULL (x6)
Wednesday Afternoon Express,No,2,"33089, 33091",33089,878,883,3,12:00:00,14:00:00,10000,8,25,1,1,NULL,0,8,NULL,NULL,NULL,NULL,25,NULL,NULL,NULL,NULL,NULL,NULL,"Afternoon Express - Book by 11am, delivery from 12-2pm","Afternoon Express - Book by 11am, delivery from 12-2pm (x2)"
Wednesday Evening Express,No,2,"32758, 32822",32758,190,319,3,18:00:00,21:00:00,10000,8,110,3,NULL,NULL,NULL,8,NULL,NULL,NULL,NULL,110,NULL,NULL,NULL,NULL,NULL,NULL,NULL,NULL (x1) | Premium live tracked delivery service with Urgent Couriers (x1)
Wednesday Evening Express,No,2,"33089, 33091",33089,863,868,3,15:00:00,17:00:00,10000,8,25,1,1,NULL,0,8,NULL,NULL,NULL,NULL,25,NULL,NULL,NULL,NULL,NULL,NULL,"Evening Express - Book by 2pm, delivery from 3-5pm","Evening Express - Book by 2pm, delivery from 3-5pm (x2)"
Wednesday Evening Home,No,2,"32770, 32799",32770,206,343,3,18:00:00,21:00:00,10000,8,110,3,NULL,NULL,NULL,8,NULL,NULL,NULL,NULL,110,NULL,NULL,NULL,NULL,NULL,NULL,Express live tracked delivery service,Express live tracked delivery service (x1) | Express delivery to your door (x1)
Wednesday Morning Express,No,2,"33089, 33091",33089,873,888,3,10:00:00,12:00:00,10000,8,25,1,1,NULL,0,8,NULL,NULL,NULL,NULL,25,NULL,NULL,NULL,NULL,NULL,NULL,"Morning Express - Book by 9am, delivery from 10am-12pm","Morning Express - Book by 9am, delivery from 10am-12pm (x2)"
Wellington Schedules,No,2,"1088, 36266",1088,"5956, 5957, 5958, 5959, 5960","5986, 5987, 5988, 5989, 5990","1, 2, 3, 4, 5",12:00:00,17:00:00,10000,16,140,24,0,26,1,8,1,1,4,NULL,140,1,2,0,NULL,NULL,NULL,Overnight Delivery to Wellington,Overnight Delivery to Wellington (x10)
WHK > AKL Next Day Run,No,16,"14582, 16947, 16513, 18188, 13713, 504, 14578, 9477, 14763, 18185, 3191, 13822, 13773, 35755, 169, 36672",14582,"3415, 3416, 3417, 3418, 3419","3460, 3461, 3462, 3463, 3464, 3505, 3506, 3507, 3508, 3509, 3550, 3551, 3552, 3553, 3554, 3595, 3596, 3597, 3598, 3599, 3685, 3686, 3687, 3688, 3689, 3730, 3731, 3732, 3733, 3734, 3775, 3776, 3777, 3778, 3779, 3820, 3821, 3822, 3823, 3824, 3865, 3866, 3867, 3868, 3869, 3890, 3891, 3892, 3893, 3894, 4862, 4863, 4864, 4865, 4866, 4937, 4938, 4939, 4940, 4941, 6368, 6369, 6370, 6371, 6372, 6973, 6974, 6975, 6976, 6977, 7129, 7130, 7131, 7132, 7133","1, 2, 3, 4, 5",11:00:00,16:00:00,10000,8,145,23,1,NULL,1,3,NULL,NULL,127,12,129,1,6,NULL,NULL,NULL,NULL,Next Business Day Medical Delivery to Auckland,Next Business Day Medical Delivery to Auckland (x80)
Wild Flour Tauranga - Auckland Morning Chilled,No,2,"32490, 36266",32490,"5951, 5952, 5953, 5954, 5955","7376, 7377, 7378, 7379, 7380","1, 2, 3, 4, 5",07:00:00,12:00:00,10000,8,122,72,0,27,1,3,2,2,127,52,122,1,NULL,NULL,NULL,NULL,NULL,Auckland Morning Chilled Delivery 7am - 12pm Tauranga to Auckland,Auckland Morning Chilled Delivery 7am - 12pm Tauranga to Auckland (x10)
WLG > Napier,No,4,"16730, 35642, 17326, 16166",16730,"12342, 12343, 12344, 12345, 12346","13376, 13377, 13378, 13379, 13380, 13572, 13573, 13574, 13575, 13576, 13630, 13631, 13632, 13633, 13634","1, 2, 3, 4, 5",07:00:00,12:00:00,10000,10,164,37,1,65,1,16,1,1,166,NULL,164,1,NULL,NULL,NULL,NULL,NULL,Book by 6pm; 2-day delivery service to Napier,Book by 6pm; 2-day delivery service to Napier (x20)
WLG > Palmerston North,No,3,"35642, 17326, 16166",35642,"13381, 13382, 13383, 13384, 13385","13577, 13578, 13579, 13580, 13581, 13635, 13636, 13637, 13638, 13639","1, 2, 3, 4, 5",13:00:00,17:00:00,10000,6,164,67,1,66,1,16,1,1,166,NULL,164,1,NULL,NULL,NULL,NULL,NULL,Book by 6pm for overnight to Palmerston North,Book by 6pm for overnight to Palmerston North (x15)
WLG > Whanganui (G&B),No,4,"16730, 35642, 17326, 16166",16730,"13209, 13210, 13211, 13212, 13213","13386, 13387, 13388, 13389, 13390, 13597, 13598, 13599, 13600, 13601, 13640, 13641, 13642, 13643, 13644","1, 2, 3, 4, 5",07:00:00,12:00:00,10000,6,165,61,1,NULL,1,16,NULL,NULL,166,NULL,165,1,NULL,0,NULL,NULL,NULL,Book by 6pm for overnight to Whanganui,Book by 6pm for overnight to Whanganui (x20)
WLG > Whanganui (QC),No,3,"16730, 35642, 16166",16730,"10451, 10452, 10453, 10454, 10455","13391, 13392, 13393, 13394, 13395, 13645, 13646, 13647, 13648, 13649","1, 2, 3, 4, 5",07:00:00,12:00:00,10000,6,164,37,1,NULL,1,16,1,1,166,NULL,164,1,NULL,NULL,NULL,NULL,NULL,Book by 6pm; 2-day delivery service to Whanganui,Book by 6pm; 2-day delivery service to Whanganui (x15)
WRG > AKL Day Run,No,16,"14582, 16947, 16513, 18188, 13713, 504, 14578, 9477, 14763, 18185, 13822, 13773, 35755, 169, 36672, 36739",14582,"3420, 3421, 3422, 3423, 3424","3465, 3466, 3467, 3468, 3469, 3510, 3511, 3512, 3513, 3514, 3555, 3556, 3557, 3558, 3559, 3600, 3601, 3602, 3603, 3604, 3690, 3691, 3692, 3693, 3694, 3735, 3736, 3737, 3738, 3739, 3780, 3781, 3782, 3783, 3784, 3825, 3826, 3827, 3828, 3829, 3870, 3871, 3872, 3873, 3874, 4867, 4868, 4869, 4870, 4871, 4942, 4943, 4944, 4945, 4946, 6373, 6374, 6375, 6376, 6377, 6978, 6979, 6980, 6981, 6982, 7134, 7135, 7136, 7137, 7138, 8680, 8681, 8682, 8683, 8684","1, 2, 3, 4, 5",13:00:00,15:00:00,10000,8,145,3,1,NULL,1,21,NULL,NULL,127,57,145,1,4,NULL,NULL,NULL,NULL,Sameday Medical Delivery to Auckland,Sameday Medical Delivery to Auckland (x75) | Book by 10 am for Same-day Medical Delivery to Auckland (x5)
WRG > AKL Day Run,No,3,"3191, 14927, 32946",3191,"2988, 2989, 2990, 2991, 2992","3375, 3376, 3377, 3378, 3379, 10154, 10155, 10156, 10157, 10158","1, 2, 3, 4, 5",13:00:00,15:00:00,10000,8,145,3,1,NULL,1,21,NULL,NULL,127,57,129,1,4,NULL,NULL,NULL,NULL,Sameday Medical Deliveries to Auckland,Sameday Medical Deliveries to Auckland (x10) | Book by 10am | Sameday Medical Deliveries to Auckland (x5)
