Group,ScheduleName,ClientId,CurrentlyIn,CutoffHours,CutoffHoursByDay,Days,StartTime,EndTime,SpeedId,Region,RowIds
1,AKL > CHCH Pre 8am Medical,16513,shared by 11 clients,18/66,Mon:66 Tue:18 Wed:18 Thu:18 Fri:18,"1, 2, 3, 4, 5",06:00:00,08:00:00,165,34,"8605, 8606, 8607, 8608, 8609"
1,AKL > CHCH Pre 8am Medical,14763,shared by 11 clients,18/66,Mon:66 Tue:18 Wed:18 Thu:18 Fri:18,"1, 2, 3, 4, 5",06:00:00,08:00:00,165,34,"8620, 8621, 8622, 8623, 8624"
1,AKL > CHCH Pre 8am Medical,169,shared by 11 clients,18/66,Mon:66 Tue:18 Wed:18 Thu:18 Fri:18,"1, 2, 3, 4, 5",06:00:00,08:00:00,165,34,"8900, 8901, 8902, 8903, 8904"
1,AKL > CHCH Pre 8am Medical,18185,shared by 11 clients,18/66,Mon:66 Tue:18 Wed:18 Thu:18 Fri:18,"1, 2, 3, 4, 5",06:00:00,08:00:00,165,34,"9228, 9229, 9230, 9231, 9232"
1,AKL > CHCH Pre 8am Medical,14578,one-client,16/64,Mon:64 Tue:16 Wed:16 Thu:16 Fri:16,"1, 2, 3, 4, 5",06:00:00,08:00:00,165,34,"9328, 9329, 9330, 9331, 9332"
1,AKL > CHCH Pre 8am Medical,13713,shared by 11 clients,18/66,Mon:66 Tue:18 Wed:18 Thu:18 Fri:18,"1, 2, 3, 4, 5",06:00:00,08:00:00,165,34,"9677, 9678, 9679, 9680, 9681"
1,AKL > CHCH Pre 8am Medical,16947,shared by 11 clients,18/66,Mon:66 Tue:18 Wed:18 Thu:18 Fri:18,"1, 2, 3, 4, 5",06:00:00,08:00:00,165,34,"9717, 9718, 9719, 9720, 9721"
1,AKL > CHCH Pre 8am Medical,32946,shared by 11 clients,18/66,Mon:66 Tue:18 Wed:18 Thu:18 Fri:18,"1, 2, 3, 4, 5",06:00:00,08:00:00,165,34,"10199, 10200, 10201, 10202, 10203"
1,AKL > CHCH Pre 8am Medical,9477,shared by 11 clients,18/66,Mon:66 Tue:18 Wed:18 Thu:18 Fri:18,"1, 2, 3, 4, 5",06:00:00,08:00:00,165,34,"10613, 10614, 10615, 10616, 10617"
1,AKL > CHCH Pre 8am Medical,35755,shared by 11 clients,18/66,Mon:66 Tue:18 Wed:18 Thu:18 Fri:18,"1, 2, 3, 4, 5",06:00:00,08:00:00,165,34,"10733, 10734, 10735, 10736, 10737"
1,AKL > CHCH Pre 8am Medical,18188,shared by 11 clients,18/66,Mon:66 Tue:18 Wed:18 Thu:18 Fri:18,"1, 2, 3, 4, 5",06:00:00,08:00:00,165,34,"10854, 10855, 10856, 10857, 10858"
1,AKL > CHCH Pre 8am Medical,36739,shared by 11 clients,18/66,Mon:66 Tue:18 Wed:18 Thu:18 Fri:18,"1, 2, 3, 4, 5",06:00:00,08:00:00,165,34,"10959, 10960, 10961, 10962, 10963"
2,AKL > Gisborne pre 10am,14763,shared by 2 clients,17/60,Mon:60 Tue:17 Wed:17 Thu:17 Fri:17,"1, 2, 3, 4, 5",06:00:00,10:00:00,164,22,"9045, 9046, 9047, 9048, 9049"
2,AKL > Gisborne pre 10am,16513,shared by 2 clients,17/60,Mon:60 Tue:17 Wed:17 Thu:17 Fri:17,"1, 2, 3, 4, 5",06:00:00,10:00:00,164,22,"9115, 9116, 9117, 9118, 9119"
2,AKL > Gisborne pre 10am,18185,shared by 9 clients,17/65,Mon:65 Tue:17 Wed:17 Thu:17 Fri:17,"1, 2, 3, 4, 5",06:00:00,10:00:00,164,22,"9238, 9239, 9240, 9241, 9242"
2,AKL > Gisborne pre 10am,169,shared by 9 clients,17/65,Mon:65 Tue:17 Wed:17 Thu:17 Fri:17,"1, 2, 3, 4, 5",06:00:00,10:00:00,164,22,"9434, 9435, 9436, 9437, 9438"
2,AKL > Gisborne pre 10am,16947,shared by 9 clients,17/65,Mon:65 Tue:17 Wed:17 Thu:17 Fri:17,"1, 2, 3, 4, 5",06:00:00,10:00:00,164,22,"9727, 9728, 9729, 9730, 9731"
2,AKL > Gisborne pre 10am,32946,shared by 9 clients,17/65,Mon:65 Tue:17 Wed:17 Thu:17 Fri:17,"1, 2, 3, 4, 5",06:00:00,10:00:00,164,22,"10229, 10230, 10231, 10232, 10233"
2,AKL > Gisborne pre 10am,9477,shared by 9 clients,17/65,Mon:65 Tue:17 Wed:17 Thu:17 Fri:17,"1, 2, 3, 4, 5",06:00:00,10:00:00,164,22,"10623, 10624, 10625, 10626, 10627"
2,AKL > Gisborne pre 10am,35755,shared by 9 clients,17/65,Mon:65 Tue:17 Wed:17 Thu:17 Fri:17,"1, 2, 3, 4, 5",06:00:00,10:00:00,164,22,"10743, 10744, 10745, 10746, 10747"
2,AKL > Gisborne pre 10am,36739,shared by 9 clients,17/65,Mon:65 Tue:17 Wed:17 Thu:17 Fri:17,"1, 2, 3, 4, 5",06:00:00,10:00:00,164,22,"10969, 10970, 10971, 10972, 10973"
2,AKL > Gisborne pre 10am,14582,shared by 9 clients,17/65,Mon:65 Tue:17 Wed:17 Thu:17 Fri:17,"1, 2, 3, 4, 5",06:00:00,10:00:00,164,22,"11074, 11075, 11076, 11077, 11078"
2,AKL > Gisborne pre 10am,13713,shared by 9 clients,17/65,Mon:65 Tue:17 Wed:17 Thu:17 Fri:17,"1, 2, 3, 4, 5",06:00:00,10:00:00,164,22,"11254, 11255, 11256, 11257, 11258"
3,AKL > Gisborne pre 8am,14763,shared by 2 clients,17/60,Mon:60 Tue:17 Wed:17 Thu:17 Fri:17,"1, 2, 3, 4, 5",06:00:00,08:00:00,165,22,"9050, 9051, 9052, 9053, 9054"
3,AKL > Gisborne pre 8am,16513,shared by 2 clients,17/60,Mon:60 Tue:17 Wed:17 Thu:17 Fri:17,"1, 2, 3, 4, 5",06:00:00,08:00:00,165,22,"9120, 9121, 9122, 9123, 9124"
3,AKL > Gisborne pre 8am,18185,shared by 8 clients,17/65,Mon:65 Tue:17 Wed:17 Thu:17 Fri:17,"1, 2, 3, 4, 5",06:00:00,08:00:00,165,22,"9243, 9244, 9245, 9246, 9247"
3,AKL > Gisborne pre 8am,169,shared by 8 clients,17/65,Mon:65 Tue:17 Wed:17 Thu:17 Fri:17,"1, 2, 3, 4, 5",06:00:00,08:00:00,165,22,"9439, 9440, 9441, 9442, 9443"
3,AKL > Gisborne pre 8am,16947,shared by 8 clients,17/65,Mon:65 Tue:17 Wed:17 Thu:17 Fri:17,"1, 2, 3, 4, 5",06:00:00,08:00:00,165,22,"9732, 9733, 9734, 9735, 9736"
3,AKL > Gisborne pre 8am,32946,shared by 8 clients,17/65,Mon:65 Tue:17 Wed:17 Thu:17 Fri:17,"1, 2, 3, 4, 5",06:00:00,08:00:00,165,22,"10234, 10235, 10236, 10237, 10238"
3,AKL > Gisborne pre 8am,9477,shared by 8 clients,17/65,Mon:65 Tue:17 Wed:17 Thu:17 Fri:17,"1, 2, 3, 4, 5",06:00:00,08:00:00,165,22,"10628, 10629, 10630, 10631, 10632"
3,AKL > Gisborne pre 8am,36739,shared by 8 clients,17/65,Mon:65 Tue:17 Wed:17 Thu:17 Fri:17,"1, 2, 3, 4, 5",06:00:00,08:00:00,165,22,"10974, 10975, 10976, 10977, 10978"
3,AKL > Gisborne pre 8am,14582,shared by 8 clients,17/65,Mon:65 Tue:17 Wed:17 Thu:17 Fri:17,"1, 2, 3, 4, 5",06:00:00,08:00:00,165,22,"11079, 11080, 11081, 11082, 11083"
3,AKL > Gisborne pre 8am,13713,shared by 8 clients,17/65,Mon:65 Tue:17 Wed:17 Thu:17 Fri:17,"1, 2, 3, 4, 5",06:00:00,08:00:00,165,22,"11259, 11260, 11261, 11262, 11263"
4,AKL > HLZ Pre 8am Medical Run,9477,shared by 6 clients,14/62,Mon:62 Tue:14 Wed:14 Thu:14 Fri:14,"1, 2, 3, 4, 5",07:00:00,20:00:00,128,4,"2516, 2517, 2518, 2519, 2520"
4,AKL > HLZ Pre 8am Medical Run,14582,one-client,12/60,Mon:60 Tue:12 Wed:12 Thu:12 Fri:12,"1, 2, 3, 4, 5",07:00:00,08:00:00,128,4,"2551, 2552, 2553, 2554, 2555"
4,AKL > HLZ Pre 8am Medical Run,16947,shared by 6 clients,14/62,Mon:62 Tue:14 Wed:14 Thu:14 Fri:14,"1, 2, 3, 4, 5",07:00:00,08:00:00,128,4,"2591, 2592, 2593, 2594, 2595"
4,AKL > HLZ Pre 8am Medical Run,18188,shared by 6 clients,14/62,Mon:62 Tue:14 Wed:14 Thu:14 Fri:14,"1, 2, 3, 4, 5",07:00:00,08:00:00,128,4,"2666, 2667, 2668, 2669, 2670"
4,AKL > HLZ Pre 8am Medical Run,17122,shared by 6 clients,14/62,Mon:62 Tue:14 Wed:14 Thu:14 Fri:14,"1, 2, 3, 4, 5",07:00:00,08:00:00,128,4,"2868, 2869, 2870, 2871, 2872"
4,AKL > HLZ Pre 8am Medical Run,36739,shared by 6 clients,14/62,Mon:62 Tue:14 Wed:14 Thu:14 Fri:14,"1, 2, 3, 4, 5",07:00:00,20:00:00,128,4,"8690, 8691, 8692, 8693, 8694"
4,AKL > HLZ Pre 8am Medical Run,32946,shared by 6 clients,14/62,Mon:62 Tue:14 Wed:14 Thu:14 Fri:14,"1, 2, 3, 4, 5",07:00:00,20:00:00,128,4,"12630, 12631, 12632, 12633, 12634"
5,AKL > HLZ Pre 8am Medical Run,3191,one-client,12/60,Mon:60 Tue:12 Wed:12 Thu:12 Fri:12,"1, 2, 3, 4, 5",07:00:00,14:00:00,128,4,"2175, 2176, 2177, 2178, 2179"
5,AKL > HLZ Pre 8am Medical Run,16513,shared by 4 clients,14/62,Mon:62 Tue:14 Wed:14 Thu:14 Fri:14,"1, 2, 3, 4, 5",07:00:00,14:00:00,128,4,"2631, 2632, 2633, 2634, 2635"
5,AKL > HLZ Pre 8am Medical Run,14578,shared by 4 clients,14/62,Mon:62 Tue:14 Wed:14 Thu:14 Fri:14,"1, 2, 3, 4, 5",07:00:00,14:00:00,128,4,"2806, 2807, 2808, 2809, 2810"
5,AKL > HLZ Pre 8am Medical Run,35755,shared by 4 clients,14/62,Mon:62 Tue:14 Wed:14 Thu:14 Fri:14,"1, 2, 3, 4, 5",07:00:00,14:00:00,128,4,"6303, 6304, 6305, 6306, 6307"
5,AKL > HLZ Pre 8am Medical Run,169,shared by 4 clients,14/62,Mon:62 Tue:14 Wed:14 Thu:14 Fri:14,"1, 2, 3, 4, 5",07:00:00,14:00:00,128,4,"6993, 6994, 6995, 6996, 6997"
6,AKL > HLZ Pre 8am Medical Run,14927,one-client,12/60,Mon:60 Tue:12 Wed:12 Thu:12 Fri:12,"1, 2, 3, 4, 5",07:00:00,08:00:00,128,4,"2501, 2502, 2503, 2504, 2505"
6,AKL > HLZ Pre 8am Medical Run,13713,shared by 2 clients,14/62,Mon:62 Tue:14 Wed:14 Thu:14 Fri:14,"1, 2, 3, 4, 5",07:00:00,08:00:00,128,4,"2701, 2702, 2703, 2704, 2705"
6,AKL > HLZ Pre 8am Medical Run,18185,shared by 2 clients,14/62,Mon:62 Tue:14 Wed:14 Thu:14 Fri:14,"1, 2, 3, 4, 5",07:00:00,08:00:00,128,4,"3230, 3231, 3232, 3233, 3234"
7,AKL > Masterton,32946,one-client,20/65,Mon:65 Tue:20 Wed:20 Thu:20 Fri:20,"1, 2, 3, 4, 5",09:00:00,11:00:00,164,30,"10269, 10270, 10271, 10272, 10273"
7,AKL > Masterton,9477,shared by 5 clients,20/68,Mon:68 Tue:20 Wed:20 Thu:20 Fri:20,"1, 2, 3, 4, 5",09:00:00,11:00:00,164,30,"10633, 10634, 10635, 10636, 10637"
7,AKL > Masterton,35755,shared by 5 clients,20/68,Mon:68 Tue:20 Wed:20 Thu:20 Fri:20,"1, 2, 3, 4, 5",09:00:00,11:00:00,164,30,"10753, 10754, 10755, 10756, 10757"
7,AKL > Masterton,18188,shared by 5 clients,20/68,Mon:68 Tue:20 Wed:20 Thu:20 Fri:20,"1, 2, 3, 4, 5",09:00:00,11:00:00,164,30,"10874, 10875, 10876, 10877, 10878"
7,AKL > Masterton,36739,shared by 5 clients,20/68,Mon:68 Tue:20 Wed:20 Thu:20 Fri:20,"1, 2, 3, 4, 5",09:00:00,11:00:00,164,30,"10979, 10980, 10981, 10982, 10983"
7,AKL > Masterton,14582,shared by 5 clients,20/68,Mon:68 Tue:20 Wed:20 Thu:20 Fri:20,"1, 2, 3, 4, 5",09:00:00,11:00:00,164,30,"11084, 11085, 11086, 11087, 11088"
8,AKL > Napier pre 10am,14927,one-client,17/67,Mon:67 Tue:17 Wed:17 Thu:17 Fri:17,"1, 2, 3, 4, 5",06:00:00,10:00:00,164,10,"7089, 7090, 7091, 7092, 7093"
8,AKL > Napier pre 10am,14763,shared by 2 clients,17/60,Mon:60 Tue:17 Wed:17 Thu:17 Fri:17,"1, 2, 3, 4, 5",06:00:00,10:00:00,164,10,"9060, 9061, 9062, 9063, 9064"
8,AKL > Napier pre 10am,16513,shared by 2 clients,17/60,Mon:60 Tue:17 Wed:17 Thu:17 Fri:17,"1, 2, 3, 4, 5",06:00:00,10:00:00,164,10,"9130, 9131, 9132, 9133, 9134"
8,AKL > Napier pre 10am,18185,shared by 9 clients,17/65,Mon:65 Tue:17 Wed:17 Thu:17 Fri:17,"1, 2, 3, 4, 5",06:00:00,10:00:00,164,10,"9253, 9254, 9255, 9256, 9257"
8,AKL > Napier pre 10am,14578,shared by 9 clients,17/65,Mon:65 Tue:17 Wed:17 Thu:17 Fri:17,"1, 2, 3, 4, 5",06:00:00,10:00:00,164,10,"9353, 9354, 9355, 9356, 9357"
8,AKL > Napier pre 10am,169,shared by 9 clients,17/65,Mon:65 Tue:17 Wed:17 Thu:17 Fri:17,"1, 2, 3, 4, 5",06:00:00,10:00:00,164,10,"9449, 9450, 9451, 9452, 9453"
8,AKL > Napier pre 10am,16947,shared by 9 clients,17/65,Mon:65 Tue:17 Wed:17 Thu:17 Fri:17,"1, 2, 3, 4, 5",06:00:00,10:00:00,164,10,"9742, 9743, 9744, 9745, 9746"
8,AKL > Napier pre 10am,32946,shared by 9 clients,17/65,Mon:65 Tue:17 Wed:17 Thu:17 Fri:17,"1, 2, 3, 4, 5",06:00:00,10:00:00,164,10,"10184, 10185, 10186, 10187, 10188"
8,AKL > Napier pre 10am,9477,shared by 9 clients,17/65,Mon:65 Tue:17 Wed:17 Thu:17 Fri:17,"1, 2, 3, 4, 5",06:00:00,10:00:00,164,10,"10643, 10644, 10645, 10646, 10647"
8,AKL > Napier pre 10am,35755,shared by 9 clients,17/65,Mon:65 Tue:17 Wed:17 Thu:17 Fri:17,"1, 2, 3, 4, 5",06:00:00,10:00:00,164,10,"10763, 10764, 10765, 10766, 10767"
8,AKL > Napier pre 10am,18188,shared by 9 clients,17/65,Mon:65 Tue:17 Wed:17 Thu:17 Fri:17,"1, 2, 3, 4, 5",06:00:00,10:00:00,164,10,"10884, 10885, 10886, 10887, 10888"
8,AKL > Napier pre 10am,14582,shared by 9 clients,17/65,Mon:65 Tue:17 Wed:17 Thu:17 Fri:17,"1, 2, 3, 4, 5",06:00:00,10:00:00,164,10,"11094, 11095, 11096, 11097, 11098"
9,AKL > Napier pre 8am,14927,one-client,17/60/65,Mon:60/65 Tue:17 Wed:17 Thu:17 Fri:17,"1, 2, 3, 4, 5",06:00:00,08:00:00,165,10,"7074, 7075, 7076, 7077, 7078, 9248, 9249, 9250, 9251, 9252"
9,AKL > Napier pre 8am,14763,shared by 2 clients,17/60,Mon:60 Tue:17 Wed:17 Thu:17 Fri:17,"1, 2, 3, 4, 5",06:00:00,08:00:00,165,10,"9055, 9056, 9057, 9058, 9059"
9,AKL > Napier pre 8am,16513,shared by 2 clients,17/60,Mon:60 Tue:17 Wed:17 Thu:17 Fri:17,"1, 2, 3, 4, 5",06:00:00,08:00:00,165,10,"9125, 9126, 9127, 9128, 9129"
9,AKL > Napier pre 8am,14578,shared by 8 clients,17/65,Mon:65 Tue:17 Wed:17 Thu:17 Fri:17,"1, 2, 3, 4, 5",06:00:00,08:00:00,165,10,"9348, 9349, 9350, 9351, 9352"
9,AKL > Napier pre 8am,169,shared by 8 clients,17/65,Mon:65 Tue:17 Wed:17 Thu:17 Fri:17,"1, 2, 3, 4, 5",06:00:00,08:00:00,165,10,"9444, 9445, 9446, 9447, 9448"
9,AKL > Napier pre 8am,3191,shared by 8 clients,17/65,Mon:65 Tue:17 Wed:17 Thu:17 Fri:17,"1, 2, 3, 4, 5",06:00:00,08:00:00,165,10,"9524, 9525, 9526, 9527, 9528"
9,AKL > Napier pre 8am,16947,shared by 8 clients,17/65,Mon:65 Tue:17 Wed:17 Thu:17 Fri:17,"1, 2, 3, 4, 5",06:00:00,08:00:00,165,10,"9737, 9738, 9739, 9740, 9741"
9,AKL > Napier pre 8am,32946,shared by 8 clients,17/65,Mon:65 Tue:17 Wed:17 Thu:17 Fri:17,"1, 2, 3, 4, 5",06:00:00,08:00:00,165,10,"10249, 10250, 10251, 10252, 10253"
9,AKL > Napier pre 8am,9477,shared by 8 clients,17/65,Mon:65 Tue:17 Wed:17 Thu:17 Fri:17,"1, 2, 3, 4, 5",06:00:00,08:00:00,165,10,"10638, 10639, 10640, 10641, 10642"
9,AKL > Napier pre 8am,35755,shared by 8 clients,17/65,Mon:65 Tue:17 Wed:17 Thu:17 Fri:17,"1, 2, 3, 4, 5",06:00:00,08:00:00,165,10,"10758, 10759, 10760, 10761, 10762"
9,AKL > Napier pre 8am,18188,shared by 8 clients,17/65,Mon:65 Tue:17 Wed:17 Thu:17 Fri:17,"1, 2, 3, 4, 5",06:00:00,08:00:00,165,10,"10879, 10880, 10881, 10882, 10883"
10,AKL > New Plymouth pre 10am,14763,shared by 3 clients,17/60,Mon:60 Tue:17 Wed:17 Thu:17 Fri:17,"1, 2, 3, 4, 5",06:00:00,10:00:00,164,12,"9065, 9066, 9067, 9068, 9069"
10,AKL > New Plymouth pre 10am,16513,shared by 3 clients,17/60,Mon:60 Tue:17 Wed:17 Thu:17 Fri:17,"1, 2, 3, 4, 5",06:00:00,10:00:00,164,12,"9135, 9136, 9137, 9138, 9139"
10,AKL > New Plymouth pre 10am,18185,shared by 3 clients,17/60,Mon:60 Tue:17 Wed:17 Thu:17 Fri:17,"1, 2, 3, 4, 5",06:00:00,10:00:00,164,12,"9258, 9259, 9260, 9261, 9262"
10,AKL > New Plymouth pre 10am,14578,shared by 11 clients,17/65,Mon:65 Tue:17 Wed:17 Thu:17 Fri:17,"1, 2, 3, 4, 5",06:00:00,10:00:00,164,12,"9358, 9359, 9360, 9361, 9362"
10,AKL > New Plymouth pre 10am,169,shared by 11 clients,17/65,Mon:65 Tue:17 Wed:17 Thu:17 Fri:17,"1, 2, 3, 4, 5",06:00:00,10:00:00,164,12,"9454, 9455, 9456, 9457, 9458"
10,AKL > New Plymouth pre 10am,3191,one-client,17/60/65,Mon:60/65 Tue:17 Wed:17 Thu:17 Fri:17,"1, 2, 3, 4, 5",06:00:00,10:00:00,164,12,"9529, 9530, 9531, 9532, 9533, 9534, 9535, 9536, 9537, 9538"
10,AKL > New Plymouth pre 10am,16947,shared by 11 clients,17/65,Mon:65 Tue:17 Wed:17 Thu:17 Fri:17,"1, 2, 3, 4, 5",06:00:00,10:00:00,164,12,"9747, 9748, 9749, 9750, 9751"
10,AKL > New Plymouth pre 10am,32946,shared by 11 clients,17/65,Mon:65 Tue:17 Wed:17 Thu:17 Fri:17,"1, 2, 3, 4, 5",06:00:00,10:00:00,164,12,"10244, 10245, 10246, 10247, 10248"
10,AKL > New Plymouth pre 10am,9477,shared by 11 clients,17/65,Mon:65 Tue:17 Wed:17 Thu:17 Fri:17,"1, 2, 3, 4, 5",06:00:00,10:00:00,164,12,"10648, 10649, 10650, 10651, 10652"
10,AKL > New Plymouth pre 10am,35755,shared by 11 clients,17/65,Mon:65 Tue:17 Wed:17 Thu:17 Fri:17,"1, 2, 3, 4, 5",06:00:00,10:00:00,164,12,"10768, 10769, 10770, 10771, 10772"
10,AKL > New Plymouth pre 10am,18188,shared by 11 clients,17/65,Mon:65 Tue:17 Wed:17 Thu:17 Fri:17,"1, 2, 3, 4, 5",06:00:00,10:00:00,164,12,"10889, 10890, 10891, 10892, 10893"
10,AKL > New Plymouth pre 10am,36739,shared by 11 clients,17/65,Mon:65 Tue:17 Wed:17 Thu:17 Fri:17,"1, 2, 3, 4, 5",06:00:00,10:00:00,164,12,"10994, 10995, 10996, 10997, 10998"
10,AKL > New Plymouth pre 10am,14582,shared by 11 clients,17/65,Mon:65 Tue:17 Wed:17 Thu:17 Fri:17,"1, 2, 3, 4, 5",06:00:00,10:00:00,164,12,"11099, 11100, 11101, 11102, 11103"
10,AKL > New Plymouth pre 10am,13713,shared by 11 clients,17/65,Mon:65 Tue:17 Wed:17 Thu:17 Fri:17,"1, 2, 3, 4, 5",06:00:00,10:00:00,164,12,"11234, 11235, 11236, 11237, 11238"
10,AKL > New Plymouth pre 10am,14927,shared by 11 clients,17/65,Mon:65 Tue:17 Wed:17 Thu:17 Fri:17,"1, 2, 3, 4, 5",06:00:00,10:00:00,164,12,"11933, 11934, 11935, 11936, 11937"
11,AKL > Palmerston North pre 10am,14927,shared by 10 clients,17/65,Mon:65 Tue:17 Wed:17 Thu:17 Fri:17,"1, 2, 3, 4, 5",06:00:00,10:00:00,164,6,"7084, 7085, 7086, 7087, 7088"
11,AKL > Palmerston North pre 10am,14763,shared by 2 clients,17/60,Mon:60 Tue:17 Wed:17 Thu:17 Fri:17,"1, 2, 3, 4, 5",06:00:00,10:00:00,164,6,"9075, 9076, 9077, 9078, 9079"
11,AKL > Palmerston North pre 10am,16513,shared by 2 clients,17/60,Mon:60 Tue:17 Wed:17 Thu:17 Fri:17,"1, 2, 3, 4, 5",06:00:00,10:00:00,164,6,"9145, 9146, 9147, 9148, 9149"
11,AKL > Palmerston North pre 10am,18185,shared by 10 clients,17/65,Mon:65 Tue:17 Wed:17 Thu:17 Fri:17,"1, 2, 3, 4, 5",06:00:00,10:00:00,164,6,"9268, 9269, 9270, 9271, 9272"
11,AKL > Palmerston North pre 10am,14578,shared by 10 clients,17/65,Mon:65 Tue:17 Wed:17 Thu:17 Fri:17,"1, 2, 3, 4, 5",06:00:00,10:00:00,164,6,"9368, 9369, 9370, 9371, 9372"
11,AKL > Palmerston North pre 10am,169,shared by 10 clients,17/65,Mon:65 Tue:17 Wed:17 Thu:17 Fri:17,"1, 2, 3, 4, 5",06:00:00,10:00:00,164,6,"9464, 9465, 9466, 9467, 9468"
11,AKL > Palmerston North pre 10am,16947,shared by 10 clients,17/65,Mon:65 Tue:17 Wed:17 Thu:17 Fri:17,"1, 2, 3, 4, 5",06:00:00,10:00:00,164,6,"9757, 9758, 9759, 9760, 9761"
11,AKL > Palmerston North pre 10am,32946,shared by 10 clients,17/65,Mon:65 Tue:17 Wed:17 Thu:17 Fri:17,"1, 2, 3, 4, 5",06:00:00,10:00:00,164,6,"10179, 10180, 10181, 10182, 10183"
11,AKL > Palmerston North pre 10am,9477,shared by 10 clients,17/65,Mon:65 Tue:17 Wed:17 Thu:17 Fri:17,"1, 2, 3, 4, 5",06:00:00,10:00:00,164,6,"10658, 10659, 10660, 10661, 10662"
11,AKL > Palmerston North pre 10am,18188,shared by 10 clients,17/65,Mon:65 Tue:17 Wed:17 Thu:17 Fri:17,"1, 2, 3, 4, 5",06:00:00,10:00:00,164,6,"10899, 10900, 10901, 10902, 10903"
11,AKL > Palmerston North pre 10am,36739,shared by 10 clients,17/65,Mon:65 Tue:17 Wed:17 Thu:17 Fri:17,"1, 2, 3, 4, 5",06:00:00,10:00:00,164,6,"11004, 11005, 11006, 11007, 11008"
11,AKL > Palmerston North pre 10am,14582,shared by 10 clients,17/65,Mon:65 Tue:17 Wed:17 Thu:17 Fri:17,"1, 2, 3, 4, 5",06:00:00,10:00:00,164,6,"11109, 11110, 11111, 11112, 11113"
12,AKL > Palmerston North pre 8am,14763,shared by 2 clients,17/60,Mon:60 Tue:17 Wed:17 Thu:17 Fri:17,"1, 2, 3, 4, 5",06:00:00,08:00:00,165,6,"9070, 9071, 9072, 9073, 9074"
12,AKL > Palmerston North pre 8am,16513,shared by 2 clients,17/60,Mon:60 Tue:17 Wed:17 Thu:17 Fri:17,"1, 2, 3, 4, 5",06:00:00,08:00:00,165,6,"9140, 9141, 9142, 9143, 9144"
12,AKL > Palmerston North pre 8am,18185,shared by 9 clients,17/65,Mon:65 Tue:17 Wed:17 Thu:17 Fri:17,"1, 2, 3, 4, 5",06:00:00,08:00:00,165,6,"9263, 9264, 9265, 9266, 9267, 9288, 9289, 9290, 9291, 9292"
12,AKL > Palmerston North pre 8am,14578,shared by 9 clients,17/65,Mon:65 Tue:17 Wed:17 Thu:17 Fri:17,"1, 2, 3, 4, 5",06:00:00,08:00:00,165,6,"9363, 9364, 9365, 9366, 9367"
12,AKL > Palmerston North pre 8am,169,shared by 9 clients,17/65,Mon:65 Tue:17 Wed:17 Thu:17 Fri:17,"1, 2, 3, 4, 5",06:00:00,08:00:00,165,6,"9459, 9460, 9461, 9462, 9463"
12,AKL > Palmerston North pre 8am,16947,shared by 9 clients,17/65,Mon:65 Tue:17 Wed:17 Thu:17 Fri:17,"1, 2, 3, 4, 5",06:00:00,08:00:00,165,6,"9752, 9753, 9754, 9755, 9756"
12,AKL > Palmerston North pre 8am,32946,shared by 9 clients,17/65,Mon:65 Tue:17 Wed:17 Thu:17 Fri:17,"1, 2, 3, 4, 5",06:00:00,08:00:00,165,6,"10174, 10175, 10176, 10177, 10178"
12,AKL > Palmerston North pre 8am,9477,shared by 9 clients,17/65,Mon:65 Tue:17 Wed:17 Thu:17 Fri:17,"1, 2, 3, 4, 5",06:00:00,08:00:00,165,6,"10653, 10654, 10655, 10656, 10657"
12,AKL > Palmerston North pre 8am,18188,shared by 9 clients,17/65,Mon:65 Tue:17 Wed:17 Thu:17 Fri:17,"1, 2, 3, 4, 5",06:00:00,08:00:00,165,6,"10894, 10895, 10896, 10897, 10898"
12,AKL > Palmerston North pre 8am,36739,shared by 9 clients,17/65,Mon:65 Tue:17 Wed:17 Thu:17 Fri:17,"1, 2, 3, 4, 5",06:00:00,08:00:00,165,6,"10999, 11000, 11001, 11002, 11003"
12,AKL > Palmerston North pre 8am,14582,shared by 9 clients,17/65,Mon:65 Tue:17 Wed:17 Thu:17 Fri:17,"1, 2, 3, 4, 5",06:00:00,08:00:00,165,6,"11104, 11105, 11106, 11107, 11108"
13,AKL > TGA Afternoon Medical Run,3191,one-client,5,Mon:5 Tue:5 Wed:5 Thu:5 Fri:5,"1, 2, 3, 4, 5",15:00:00,17:00:00,129,3,"2456, 2457, 2458, 2459, 2460"
13,AKL > TGA Afternoon Medical Run,13713,shared by 4 clients,6,Mon:6 Tue:6 Wed:6 Thu:6 Fri:6,"1, 2, 3, 4, 5",15:00:00,17:00:00,129,3,"2716, 2717, 2718, 2719, 2720"
13,AKL > TGA Afternoon Medical Run,169,shared by 4 clients,6,Mon:6 Tue:6 Wed:6 Thu:6 Fri:6,"1, 2, 3, 4, 5",15:00:00,17:00:00,129,3,"7008, 7009, 7010, 7011, 7012"
13,AKL > TGA Afternoon Medical Run,16513,shared by 4 clients,6,Mon:6 Tue:6 Wed:6 Thu:6 Fri:6,"1, 2, 3, 4, 5",15:00:00,17:00:00,129,3,"7038, 7039, 7040, 7041, 7042"
13,AKL > TGA Afternoon Medical Run,36672,shared by 4 clients,6,Mon:6 Tue:6 Wed:6 Thu:6 Fri:6,"1, 2, 3, 4, 5",15:00:00,17:00:00,129,3,"7164, 7165, 7166, 7167, 7168"
14,AKL > TGA Afternoon Medical Run 930am Collection,14927,one-client,5,Mon:5 Tue:5 Wed:5 Thu:5 Fri:5,"1, 2, 3, 4, 5",14:30:00,17:00:00,129,3,"2332, 2333, 2334, 2335, 2336"
14,AKL > TGA Afternoon Medical Run 930am Collection,32946,one-client,4/5,Mon:5 Tue:5 Wed:5 Thu:5 Fri:4,"1, 2, 3, 4, 5",14:30:00,17:00:00,129,3,"10284, 10285, 10286, 10287, 10288"
15,AKL > TGA Afternoon Medical Run*15:00:00-17:00:00,16947,shared by 6 clients,6,Mon:6 Tue:6 Wed:6 Thu:6 Fri:6,"1, 2, 3, 4, 5",15:00:00,17:00:00,129,3,"2621, 2622, 2623, 2624, 2625"
15,AKL > TGA Afternoon Medical Run*15:00:00-17:00:00,18188,shared by 6 clients,6,Mon:6 Tue:6 Wed:6 Thu:6 Fri:6,"1, 2, 3, 4, 5",15:00:00,17:00:00,129,3,"2681, 2682, 2683, 2684, 2685"
15,AKL > TGA Afternoon Medical Run*15:00:00-17:00:00,33103,shared by 6 clients,6,Mon:6 Tue:6 Wed:6 Thu:6 Fri:6,"1, 2, 3, 4, 5",15:00:00,17:00:00,129,3,"2751, 2752, 2753, 2754, 2755"
15,AKL > TGA Afternoon Medical Run*15:00:00-17:00:00,504,shared by 6 clients,6,Mon:6 Tue:6 Wed:6 Thu:6 Fri:6,"1, 2, 3, 4, 5",15:00:00,17:00:00,129,3,"2786, 2787, 2788, 2789, 2790"
15,AKL > TGA Afternoon Medical Run*15:00:00-17:00:00,17122,shared by 2 clients,5,Mon:5 Tue:5 Wed:5 Thu:5 Fri:5,"1, 2, 3, 4, 5",15:00:00,17:00:00,129,3,"2883, 2884, 2885, 2886, 2887"
15,AKL > TGA Afternoon Medical Run*15:00:00-17:00:00,18185,shared by 2 clients,5,Mon:5 Tue:5 Wed:5 Thu:5 Fri:5,"1, 2, 3, 4, 5",15:00:00,17:00:00,129,3,"3245, 3246, 3247, 3248, 3249"
15,AKL > TGA Afternoon Medical Run*15:00:00-17:00:00,13822,shared by 6 clients,6,Mon:6 Tue:6 Wed:6 Thu:6 Fri:6,"1, 2, 3, 4, 5",15:00:00,17:00:00,129,3,"4812, 4813, 4814, 4815, 4816"
15,AKL > TGA Afternoon Medical Run*15:00:00-17:00:00,36739,shared by 6 clients,6,Mon:6 Tue:6 Wed:6 Thu:6 Fri:6,"1, 2, 3, 4, 5",15:00:00,17:00:00,129,3,"8705, 8706, 8707, 8708, 8709"
16,AKL > TGA Pre 930am Medical Run,9477,shared by 2 clients,16/64,Mon:64 Tue:16 Wed:16 Thu:16 Fri:16,"1, 2, 3, 4, 5",09:00:00,11:00:00,129,3,"2536, 2537, 2538, 2539, 2540"
16,AKL > TGA Pre 930am Medical Run,14582,one-client,14/60,Mon:60 Tue:14 Wed:14 Thu:14 Fri:14,"1, 2, 3, 4, 5",09:00:00,11:00:00,129,3,"2571, 2572, 2573, 2574, 2575"
16,AKL > TGA Pre 930am Medical Run,18185,shared by 2 clients,16/64,Mon:64 Tue:16 Wed:16 Thu:16 Fri:16,"1, 2, 3, 4, 5",09:00:00,11:00:00,129,3,"3250, 3251, 3252, 3253, 3254"
17,AKL > Whanganui Pre 10am,3191,shared by 3 clients,17/60/65,Mon:60/65 Tue:17 Wed:17 Thu:17 Fri:17,"1, 2, 3, 4, 5",06:00:00,10:00:00,164,6,"9544, 9545, 9546, 9547, 9548, 9641, 9642, 9643, 9644, 9645"
17,AKL > Whanganui Pre 10am,1088,shared by 11 clients,17/65,Mon:65 Tue:17 Wed:17 Thu:17 Fri:17,"1, 2, 3, 4, 5",06:00:00,10:00:00,164,6,"9621, 9622, 9623, 9624, 9625"
17,AKL > Whanganui Pre 10am,18185,shared by 11 clients,17/65,Mon:65 Tue:17 Wed:17 Thu:17 Fri:17,"1, 2, 3, 4, 5",06:00:00,10:00:00,164,6,"9626, 9627, 9628, 9629, 9630"
17,AKL > Whanganui Pre 10am,14578,shared by 11 clients,17/65,Mon:65 Tue:17 Wed:17 Thu:17 Fri:17,"1, 2, 3, 4, 5",06:00:00,10:00:00,164,6,"9631, 9632, 9633, 9634, 9635"
17,AKL > Whanganui Pre 10am,169,shared by 11 clients,17/65,Mon:65 Tue:17 Wed:17 Thu:17 Fri:17,"1, 2, 3, 4, 5",06:00:00,10:00:00,164,6,"9636, 9637, 9638, 9639, 9640"
17,AKL > Whanganui Pre 10am,14927,shared by 3 clients,17/60/65,Mon:60/65 Tue:17 Wed:17 Thu:17 Fri:17,"1, 2, 3, 4, 5",06:00:00,10:00:00,164,6,"9646, 9647, 9648, 9649, 9650, 9662, 9663, 9664, 9665, 9666"
17,AKL > Whanganui Pre 10am,16947,shared by 11 clients,17/65,Mon:65 Tue:17 Wed:17 Thu:17 Fri:17,"1, 2, 3, 4, 5",06:00:00,10:00:00,164,6,"9762, 9763, 9764, 9765, 9766"
17,AKL > Whanganui Pre 10am,13713,shared by 11 clients,17/65,Mon:65 Tue:17 Wed:17 Thu:17 Fri:17,"1, 2, 3, 4, 5",06:00:00,10:00:00,164,6,"9852, 9853, 9854, 9855, 9856"
17,AKL > Whanganui Pre 10am,32946,shared by 3 clients,17/60/65,Mon:60/65 Tue:17 Wed:17 Thu:17 Fri:17,"1, 2, 3, 4, 5",06:00:00,10:00:00,164,6,"10254, 10255, 10256, 10257, 10258, 10259, 10260, 10261, 10262, 10263"
17,AKL > Whanganui Pre 10am,9477,shared by 11 clients,17/65,Mon:65 Tue:17 Wed:17 Thu:17 Fri:17,"1, 2, 3, 4, 5",06:00:00,10:00:00,164,6,"10663, 10664, 10665, 10666, 10667"
17,AKL > Whanganui Pre 10am,35755,shared by 11 clients,17/65,Mon:65 Tue:17 Wed:17 Thu:17 Fri:17,"1, 2, 3, 4, 5",06:00:00,10:00:00,164,6,"10783, 10784, 10785, 10786, 10787"
17,AKL > Whanganui Pre 10am,18188,shared by 11 clients,17/65,Mon:65 Tue:17 Wed:17 Thu:17 Fri:17,"1, 2, 3, 4, 5",06:00:00,10:00:00,164,6,"10904, 10905, 10906, 10907, 10908"
17,AKL > Whanganui Pre 10am,36739,shared by 11 clients,17/65,Mon:65 Tue:17 Wed:17 Thu:17 Fri:17,"1, 2, 3, 4, 5",06:00:00,10:00:00,164,6,"11009, 11010, 11011, 11012, 11013"
17,AKL > Whanganui Pre 10am,14582,shared by 11 clients,17/65,Mon:65 Tue:17 Wed:17 Thu:17 Fri:17,"1, 2, 3, 4, 5",06:00:00,10:00:00,164,6,"11114, 11115, 11116, 11117, 11118"
18,AKL > WLG Pre 10am,14927,shared by 12 clients,17/65,Mon:65 Tue:17 Wed:17 Thu:17 Fri:17,"1, 2, 3, 4, 5",06:00:00,10:00:00,164,16,"7067, 12588, 12589, 12590, 12591"
18,AKL > WLG Pre 10am,1088,one-client,18/66,Mon:66 Tue:18 Wed:18 Thu:18 Fri:18,"1, 2, 3, 4, 5",06:00:00,10:00:00,164,16,"8098, 8099, 8100, 8101, 8102"
18,AKL > WLG Pre 10am,14763,shared by 2 clients,17/60,Mon:60 Tue:17 Wed:17 Thu:17 Fri:17,"1, 2, 3, 4, 5",06:00:00,10:00:00,164,16,"9080, 9081, 9082, 9083, 9084"
18,AKL > WLG Pre 10am,16513,shared by 2 clients,17/60,Mon:60 Tue:17 Wed:17 Thu:17 Fri:17,"1, 2, 3, 4, 5",06:00:00,10:00:00,164,16,"9150, 9151, 9152, 9153, 9154"
18,AKL > WLG Pre 10am,18185,shared by 12 clients,17/65,Mon:65 Tue:17 Wed:17 Thu:17 Fri:17,"1, 2, 3, 4, 5",06:00:00,10:00:00,164,16,"9273, 9274, 9275, 9276, 9277"
18,AKL > WLG Pre 10am,14578,shared by 12 clients,17/65,Mon:65 Tue:17 Wed:17 Thu:17 Fri:17,"1, 2, 3, 4, 5",06:00:00,10:00:00,164,16,"9373, 9374, 9375, 9376, 9377"
18,AKL > WLG Pre 10am,169,shared by 12 clients,17/65,Mon:65 Tue:17 Wed:17 Thu:17 Fri:17,"1, 2, 3, 4, 5",06:00:00,10:00:00,164,16,"9469, 9470, 9471, 9472, 9473"
18,AKL > WLG Pre 10am,3191,shared by 12 clients,17/65,Mon:65 Tue:17 Wed:17 Thu:17 Fri:17,"1, 2, 3, 4, 5",06:00:00,10:00:00,164,16,"9549, 9550, 9551, 9552, 9553"
18,AKL > WLG Pre 10am,16947,shared by 12 clients,17/65,Mon:65 Tue:17 Wed:17 Thu:17 Fri:17,"1, 2, 3, 4, 5",06:00:00,10:00:00,164,16,"9767, 9768, 9769, 9770, 9771"
18,AKL > WLG Pre 10am,32946,shared by 12 clients,17/65,Mon:65 Tue:17 Wed:17 Thu:17 Fri:17,"1, 2, 3, 4, 5",06:00:00,10:00:00,164,16,"10164, 10165, 10166, 10167, 10168"
18,AKL > WLG Pre 10am,9477,shared by 12 clients,17/65,Mon:65 Tue:17 Wed:17 Thu:17 Fri:17,"1, 2, 3, 4, 5",06:00:00,10:00:00,164,16,"10668, 10669, 10670, 10671, 10672"
18,AKL > WLG Pre 10am,35755,shared by 12 clients,17/65,Mon:65 Tue:17 Wed:17 Thu:17 Fri:17,"1, 2, 3, 4, 5",06:00:00,10:00:00,164,16,"10788, 10789, 10790, 10791, 10792"
18,AKL > WLG Pre 10am,18188,shared by 12 clients,17/65,Mon:65 Tue:17 Wed:17 Thu:17 Fri:17,"1, 2, 3, 4, 5",06:00:00,10:00:00,164,16,"10909, 10910, 10911, 10912, 10913"
18,AKL > WLG Pre 10am,36739,shared by 12 clients,17/65,Mon:65 Tue:17 Wed:17 Thu:17 Fri:17,"1, 2, 3, 4, 5",06:00:00,10:00:00,164,16,"11014, 11015, 11016, 11017, 11018"
18,AKL > WLG Pre 10am,14582,shared by 12 clients,17/65,Mon:65 Tue:17 Wed:17 Thu:17 Fri:17,"1, 2, 3, 4, 5",06:00:00,10:00:00,164,16,"11119, 11120, 11121, 11122, 11123"
19,AKL > WLG Pre 8am,14927,one-client,17/60/65,Mon:60/65 Tue:17 Wed:17 Thu:17 Fri:17,"1, 2, 3, 4, 5",06:00:00,08:00:00,165,16,"7064, 7065, 7066, 7068, 7269, 7270, 7271, 7272, 7273"
19,AKL > WLG Pre 8am,14763,shared by 2 clients,17/60,Mon:60 Tue:17 Wed:17 Thu:17 Fri:17,"1, 2, 3, 4, 5",06:00:00,08:00:00,165,16,"9085, 9086, 9087, 9088, 9089"
19,AKL > WLG Pre 8am,16513,shared by 2 clients,17/60,Mon:60 Tue:17 Wed:17 Thu:17 Fri:17,"1, 2, 3, 4, 5",06:00:00,08:00:00,165,16,"9155, 9156, 9157, 9158, 9159"
19,AKL > WLG Pre 8am,18185,shared by 11 clients,17/65,Mon:65 Tue:17 Wed:17 Thu:17 Fri:17,"1, 2, 3, 4, 5",06:00:00,08:00:00,165,16,"9278, 9279, 9280, 9281, 9282"
19,AKL > WLG Pre 8am,14578,shared by 11 clients,17/65,Mon:65 Tue:17 Wed:17 Thu:17 Fri:17,"1, 2, 3, 4, 5",06:00:00,08:00:00,165,16,"9378, 9379, 9380, 9381, 9382"
19,AKL > WLG Pre 8am,169,shared by 11 clients,17/65,Mon:65 Tue:17 Wed:17 Thu:17 Fri:17,"1, 2, 3, 4, 5",06:00:00,08:00:00,165,16,"9474, 9475, 9476, 9477, 9478"
19,AKL > WLG Pre 8am,3191,shared by 11 clients,17/65,Mon:65 Tue:17 Wed:17 Thu:17 Fri:17,"1, 2, 3, 4, 5",06:00:00,08:00:00,165,16,"9554, 9555, 9556, 9557, 9558"
19,AKL > WLG Pre 8am,16947,shared by 11 clients,17/65,Mon:65 Tue:17 Wed:17 Thu:17 Fri:17,"1, 2, 3, 4, 5",06:00:00,08:00:00,165,16,"9772, 9773, 9774, 9775, 9776"
19,AKL > WLG Pre 8am,32946,shared by 11 clients,17/65,Mon:65 Tue:17 Wed:17 Thu:17 Fri:17,"1, 2, 3, 4, 5",06:00:00,08:00:00,165,16,"10189, 10190, 10191, 10192, 10193"
19,AKL > WLG Pre 8am,9477,shared by 11 clients,17/65,Mon:65 Tue:17 Wed:17 Thu:17 Fri:17,"1, 2, 3, 4, 5",06:00:00,08:00:00,165,16,"10673, 10674, 10675, 10676, 10677"
19,AKL > WLG Pre 8am,35755,shared by 11 clients,17/65,Mon:65 Tue:17 Wed:17 Thu:17 Fri:17,"1, 2, 3, 4, 5",06:00:00,08:00:00,165,16,"10793, 10794, 10795, 10796, 10797"
19,AKL > WLG Pre 8am,18188,shared by 11 clients,17/65,Mon:65 Tue:17 Wed:17 Thu:17 Fri:17,"1, 2, 3, 4, 5",06:00:00,08:00:00,165,16,"10914, 10915, 10916, 10917, 10918"
19,AKL > WLG Pre 8am,36739,shared by 11 clients,17/65,Mon:65 Tue:17 Wed:17 Thu:17 Fri:17,"1, 2, 3, 4, 5",06:00:00,08:00:00,165,16,"11019, 11020, 11021, 11022, 11023"
19,AKL > WLG Pre 8am,14582,shared by 11 clients,17/65,Mon:65 Tue:17 Wed:17 Thu:17 Fri:17,"1, 2, 3, 4, 5",06:00:00,08:00:00,165,16,"11124, 11125, 11126, 11127, 11128"
20,AKL > WRG Pre 8am Medical Run,14927,shared by 2 clients,12/60,Mon:60 Tue:12 Wed:12 Thu:12 Fri:12,"1, 2, 3, 4, 5",07:00:00,14:00:00,129,21,"2352, 2353, 2354, 2355, 2356"
20,AKL > WRG Pre 8am Medical Run,3191,shared by 2 clients,12/60,Mon:60 Tue:12 Wed:12 Thu:12 Fri:12,"1, 2, 3, 4, 5",07:00:00,14:00:00,129,21,"2466, 2467, 2468, 2469, 2470"
20,AKL > WRG Pre 8am Medical Run,14763,shared by 6 clients,14/62,Mon:62 Tue:14 Wed:14 Thu:14 Fri:14,"1, 2, 3, 4, 5",07:00:00,14:00:00,129,21,"2496, 2497, 2498, 2499, 2500"
20,AKL > WRG Pre 8am Medical Run,16513,shared by 6 clients,14/62,Mon:62 Tue:14 Wed:14 Thu:14 Fri:14,"1, 2, 3, 4, 5",07:00:00,14:00:00,129,21,"2656, 2657, 2658, 2659, 2660"
20,AKL > WRG Pre 8am Medical Run,14578,shared by 6 clients,14/62,Mon:62 Tue:14 Wed:14 Thu:14 Fri:14,"1, 2, 3, 4, 5",07:00:00,14:00:00,129,21,"2831, 2832, 2833, 2834, 2835"
20,AKL > WRG Pre 8am Medical Run,35755,shared by 6 clients,14/62,Mon:62 Tue:14 Wed:14 Thu:14 Fri:14,"1, 2, 3, 4, 5",07:00:00,14:00:00,129,21,"6328, 6329, 6330, 6331, 6332"
20,AKL > WRG Pre 8am Medical Run,169,shared by 6 clients,14/62,Mon:62 Tue:14 Wed:14 Thu:14 Fri:14,"1, 2, 3, 4, 5",07:00:00,14:00:00,129,21,"7018, 7019, 7020, 7021, 7022"
20,AKL > WRG Pre 8am Medical Run,36672,shared by 6 clients,14/62,Mon:62 Tue:14 Wed:14 Thu:14 Fri:14,"1, 2, 3, 4, 5",07:00:00,14:00:00,129,21,"7174, 7175, 7176, 7177, 7178"
20,AKL > WRG Pre 8am Medical Run,32946,one-client,12/58,Mon:58 Tue:12 Wed:12 Thu:12 Fri:12,"1, 2, 3, 4, 5",07:00:00,14:00:00,129,21,"10299, 10300, 10301, 10302, 10303"
21,AKL > WRG Pre 8am Medical Run,9477,shared by 8 clients,14/62,Mon:62 Tue:14 Wed:14 Thu:14 Fri:14,"1, 2, 3, 4, 5",07:00:00,20:00:00,129,21,"2541, 2542, 2543, 2544, 2545"
21,AKL > WRG Pre 8am Medical Run,14582,one-client,12/60,Mon:60 Tue:12 Wed:12 Thu:12 Fri:12,"1, 2, 3, 4, 5",07:00:00,08:00:00,129,21,"2576, 2577, 2578, 2579, 2580"
21,AKL > WRG Pre 8am Medical Run,16947,shared by 8 clients,14/62,Mon:62 Tue:14 Wed:14 Thu:14 Fri:14,"1, 2, 3, 4, 5",07:00:00,20:00:00,129,21,"2616, 2617, 2618, 2619, 2620"
21,AKL > WRG Pre 8am Medical Run,18188,shared by 8 clients,14/62,Mon:62 Tue:14 Wed:14 Thu:14 Fri:14,"1, 2, 3, 4, 5",07:00:00,08:00:00,129,21,"2691, 2692, 2693, 2694, 2695"
21,AKL > WRG Pre 8am Medical Run,33103,shared by 8 clients,14/62,Mon:62 Tue:14 Wed:14 Thu:14 Fri:14,"1, 2, 3, 4, 5",07:00:00,20:00:00,129,21,"2761, 2762, 2763, 2764, 2765"
21,AKL > WRG Pre 8am Medical Run,504,shared by 8 clients,14/62,Mon:62 Tue:14 Wed:14 Thu:14 Fri:14,"1, 2, 3, 4, 5",07:00:00,08:00:00,129,21,"2796, 2797, 2798, 2799, 2800"
21,AKL > WRG Pre 8am Medical Run,17122,shared by 8 clients,14/62,Mon:62 Tue:14 Wed:14 Thu:14 Fri:14,"1, 2, 3, 4, 5",07:00:00,20:00:00,129,21,"2893, 2894, 2895, 2896, 2897"
21,AKL > WRG Pre 8am Medical Run,18185,shared by 8 clients,14/62,Mon:62 Tue:14 Wed:14 Thu:14 Fri:14,"1, 2, 3, 4, 5",07:00:00,08:00:00,129,21,"3159, 3160, 3161, 3162, 3163"
21,AKL > WRG Pre 8am Medical Run,13822,shared by 8 clients,14/62,Mon:62 Tue:14 Wed:14 Thu:14 Fri:14,"1, 2, 3, 4, 5",07:00:00,08:00:00,129,21,"4822, 4823, 4824, 4825, 4826"
22,AKL > WRG Regional Run,,default,16/64,Mon:64 Tue:16 Wed:16 Thu:16 Fri:16,"1, 2, 3, 4, 5",07:00:00,09:00:00,129,21,"13689, 13690, 13691, 13692, 13693"
22,AKL > WRG Regional Run,36813,one-client,0,Mon:0 Tue:0 Wed:0 Thu:0 Fri:0,"1, 2, 3, 4, 5",07:00:00,09:00:00,129,21,"8843, 8844, 8845, 8846, 8847"
23,Auckland > Tauranga Regional Run 9-5 Express,,default,15/18/63/66,Mon:63/66 Tue:15/18 Wed:15 Thu:15 Fri:15,"1, 2, 3, 4, 5",09:00:00,17:00:00,129,3,"2017, 2018, 2019, 2020, 2065, 2066, 2067, 2280, 2281, 2282"
23,Auckland > Tauranga Regional Run 9-5 Express,36813,one-client,0,Mon:0 Tue:0 Wed:0 Thu:0 Fri:0,"1, 2, 3, 4, 5",09:00:00,17:00:00,129,3,"8823, 8824, 8825, 8826, 8827"
24,Auckland > Tauranga Run 3-6:30pm,,default,8,Mon:8 Tue:8 Wed:8 Thu:8 Fri:8,"1, 2, 3, 4, 5",15:00:00,18:30:00,129,3,"2023, 2024, 2277, 2278, 2279"
24,Auckland > Tauranga Run 3-6:30pm,36813,one-client,0,Mon:0 Tue:0 Wed:0 Thu:0 Fri:0,"1, 2, 3, 4, 5",15:00:00,18:00:00,129,3,"8838, 8839, 8840, 8841, 8842"
25,Auckland > Tauranga Run Express 4-6:30,,default,7,Mon:7 Tue:7 Wed:7 Thu:7 Fri:7,"1, 2, 3, 4, 5",16:00:00,18:30:00,129,3,"2021, 2022, 2104, 2105, 2106"
25,Auckland > Tauranga Run Express 4-6:30,36813,one-client,0,Mon:0 Tue:0 Wed:0 Thu:0 Fri:0,"1, 2, 3, 4, 5",16:00:00,18:30:00,129,3,"8833, 8834, 8835, 8836, 8837"
26,Auckland > Waikato Afternoon Express,,default,3,Mon:3 Tue:3 Wed:3 Thu:3 Fri:3,"1, 2, 3, 4, 5",13:00:00,18:00:00,128,4,"2014, 2016, 2112, 2113, 2114"
26,Auckland > Waikato Afternoon Express,36813,one-client,0,Mon:0 Tue:0 Wed:0 Thu:0 Fri:0,"1, 2, 3, 4, 5",13:00:00,18:00:00,128,4,"8800, 8801, 8802, 8803, 8804"
27,Auckland > Waikato Morning Delivery,,default,16/64,Mon:64 Tue:16 Wed:16 Thu:16 Fri:16,"1, 2, 3, 4, 5",07:00:00,12:00:00,128,4,"4635, 4636, 4637, 4638, 4639"
27,Auckland > Waikato Morning Delivery,36813,one-client,0,Mon:0 Tue:0 Wed:0 Thu:0 Fri:0,"1, 2, 3, 4, 5",07:00:00,12:00:00,128,4,"8815, 8816, 8817, 8818, 8819"
28,Auckland > Waikato Morning Express,,default,13/61,Mon:61 Tue:13 Wed:13 Thu:13 Fri:13,"1, 2, 3, 4, 5",07:00:00,12:00:00,128,4,"2059, 2060, 2061, 2107, 2108"
28,Auckland > Waikato Morning Express,36813,one-client,0,Mon:0 Tue:0 Wed:0 Thu:0 Fri:0,"1, 2, 3, 4, 5",07:00:00,12:00:00,128,4,"8810, 8811, 8812, 8813, 8814"
29,Auckland Afternoon Chilled,,default,2,Mon:2 Tue:2 Wed:2 Thu:2 Fri:2,"1, 2, 3, 4, 5",13:00:00,17:00:00,123,8,"614, 615, 616, 617, 618"
29,Auckland Afternoon Chilled,9673,one-client,0/2,Mon:2 Tue:0 Wed:2 Thu:2 Fri:2,"1, 2, 3, 4, 5",13:00:00,17:00:00,123,8,"7693, 7694, 7695, 7696, 7697"
30,BOP > Waikato Morning Run,,shared by 1 clients,21/69,Mon:69 Tue:21 Wed:21 Thu:21 Fri:21,"1, 2, 3, 4, 5",07:00:00,12:00:00,129,4,"2377, 2378, 2379, 2380, 2381"
30,BOP > Waikato Morning Run,9196,shared by 1 clients,21/69,Mon:69 Tue:21 Wed:21 Thu:21 Fri:21,"1, 2, 3, 4, 5",07:00:00,12:00:00,129,4,"7422, 7423, 7424, 7425, 7426, 7497, 7498, 7499, 7500, 7501"
30,BOP > Waikato Morning Run,36813,one-client,0,Mon:0 Tue:0 Wed:0 Thu:0 Fri:0,"1, 2, 3, 4, 5",07:00:00,12:00:00,129,4,"8858, 8859, 8860, 8861, 8862"
31,BOP Outer > Auckland Express Run 11-1,,shared by 1 clients,23/71,Mon:71 Tue:23 Wed:23 Thu:23 Fri:23,"1, 2, 3, 4, 5",11:00:00,13:00:00,145,8,"2038, 2039, 2098, 2099, 2100"
31,BOP Outer > Auckland Express Run 11-1,9196,shared by 1 clients,23/71,Mon:71 Tue:23 Wed:23 Thu:23 Fri:23,"1, 2, 3, 4, 5",11:00:00,13:00:00,145,8,"7427, 7428, 7429, 7430, 7431, 7502, 7503, 7504, 7505, 7506"
31,BOP Outer > Auckland Express Run 11-1,36813,one-client,0,Mon:0 Tue:0 Wed:0 Thu:0 Fri:0,"1, 2, 3, 4, 5",11:00:00,13:00:00,145,8,"8950, 8951, 8952, 8953, 8954"
32,BOP Outer > Auckland Express Run 4-6,9196,one-client,28/76,Mon:76 Tue:28 Wed:28 Thu:28 Fri:28,"1, 2, 3, 4, 5",16:00:00,18:00:00,145,8,"7432, 7433, 7434, 7435, 7436, 7507, 7508, 7509, 7510, 7511"
32,BOP Outer > Auckland Express Run 4-6,36813,one-client,0,Mon:0 Tue:0 Wed:0 Thu:0 Fri:0,"1, 2, 3, 4, 5",16:00:00,18:00:00,145,8,"8955, 8956, 8957, 8958, 8959"
33,BOP Outer > Auckland Run 12-5pm,9196,one-client,24/72,Mon:72 Tue:24 Wed:24 Thu:24 Fri:24,"1, 2, 3, 4, 5",12:00:00,17:00:00,140,8,"7437, 7438, 7439, 7440, 7441, 7512, 7513, 7514, 7515, 7516"
33,BOP Outer > Auckland Run 12-5pm,36813,one-client,0,Mon:0 Tue:0 Wed:0 Thu:0 Fri:0,"1, 2, 3, 4, 5",12:00:00,17:00:00,140,8,"8960, 8961, 8962, 8963, 8964"
34,BOP Outer > Auckland Run 6-9pm,9196,one-client,30/78,Mon:78 Tue:30 Wed:30 Thu:30 Fri:30,"1, 2, 3, 4, 5",18:00:00,21:00:00,141,8,"7442, 7443, 7444, 7445, 7446, 7517, 7518, 7519, 7520, 7521"
34,BOP Outer > Auckland Run 6-9pm,36813,one-client,0,Mon:0 Tue:0 Wed:0 Thu:0 Fri:0,"1, 2, 3, 4, 5",18:00:00,21:00:00,141,8,"8965, 8966, 8967, 8968, 8969"
35,BOP Regional Home Delivery 5am,16298,one-client,16/64,Mon:64 Tue:16 Wed:16 Thu:16 Fri:16,"1, 2, 3, 4, 5",07:00:00,12:00:00,112,3,"4598, 4599, 4600, 4601, 4602"
35,BOP Regional Home Delivery 5am,9196,shared by 2 clients,16,Mon:16 Tue:16 Wed:16 Thu:16 Fri:16,"1, 2, 3, 4, 5",07:00:00,12:00:00,112,3,"7452, 7453, 7454, 7455, 7456, 7527, 7528, 7529, 7530, 7531"
35,BOP Regional Home Delivery 5am,33149,shared by 2 clients,16,Mon:16 Tue:16 Wed:16 Thu:16 Fri:16,"1, 2, 3, 4, 5",07:00:00,12:00:00,112,3,"10533, 10534, 10535, 10536, 10537"
36,Evening Home,32530,one-client,3/6,Mon:3 Tue:3/6 Wed:3 Thu:3 Fri:3,"1, 2, 3, 4, 5",18:00:00,21:00:00,110,8,"100, 104, 105, 106, 107, 108"
36,Evening Home,1815,one-client,1,Mon:1 Tue:1 Wed:1 Thu:1 Fri:1,"1, 2, 3, 4, 5",18:00:00,21:00:00,110,8,"121, 122, 123, 124, 125"
37,Friday Afternoon Express,32758,one-client,3,Fri:3,5,12:00:00,17:00:00,94,8,187
37,Friday Afternoon Express,32822,one-client,2,Fri:2,5,12:00:00,17:00:00,94,8,306
38,Friday Afternoon Home,32429,one-client,22,Fri:22,5,12:00:00,17:00:00,94,8,173
38,Friday Afternoon Home,18232,one-client,6,Fri:6,5,12:00:00,17:00:00,94,8,204
38,Friday Afternoon Home,32799,one-client,3,Fri:3,5,12:00:00,17:00:00,94,8,339
39,Friday Evening Home,32429,one-client,4,Fri:4,5,18:00:00,21:00:00,110,8,178
39,Friday Evening Home,18232,one-client,12,Fri:12,5,18:00:00,21:00:00,110,8,193
39,Friday Evening Home,32770,shared by 2 clients,3,Fri:3,5,18:00:00,21:00:00,110,8,207
39,Friday Evening Home,32799,shared by 2 clients,3,Fri:3,5,18:00:00,21:00:00,110,8,345
40,Genus Christchurch - Monday Chilled,36796,one-client,69,Mon:69,1,08:00:00,17:00:00,147,20,8501
40,Genus Christchurch - Monday Chilled,36266,one-client,87,Mon:87,1,08:00:00,17:00:00,147,20,8505
41,Hamilton - Waikato Afternoon,31458,one-client,1,Mon:1 Tue:1 Wed:1 Thu:1 Fri:1,"1, 2, 3, 4, 5",12:00:00,17:00:00,128,4,"11946, 11947, 11948, 11949, 11950"
41,Hamilton - Waikato Afternoon,31504,shared by 5 clients,3,Mon:3 Tue:3 Wed:3 Thu:3 Fri:3,"1, 2, 3, 4, 5",12:00:00,17:00:00,128,4,"11959, 11960, 11961, 11962, 11963"
41,Hamilton - Waikato Afternoon,31944,shared by 5 clients,3,Mon:3 Tue:3 Wed:3 Thu:3 Fri:3,"1, 2, 3, 4, 5",12:00:00,17:00:00,128,4,"11977, 11978, 11979, 11980, 11981"
41,Hamilton - Waikato Afternoon,31476,shared by 5 clients,3,Mon:3 Tue:3 Wed:3 Thu:3 Fri:3,"1, 2, 3, 4, 5",12:00:00,17:00:00,128,4,"12000, 12001, 12002, 12003, 12004"
41,Hamilton - Waikato Afternoon,31465,shared by 5 clients,3,Mon:3 Tue:3 Wed:3 Thu:3 Fri:3,"1, 2, 3, 4, 5",12:00:00,17:00:00,128,4,"12018, 12019, 12020, 12021, 12022"
41,Hamilton - Waikato Afternoon,31501,shared by 5 clients,3,Mon:3 Tue:3 Wed:3 Thu:3 Fri:3,"1, 2, 3, 4, 5",12:00:00,17:00:00,128,4,"12036, 12037, 12038, 12039, 12040"
42,Hamilton - Waikato Morning,31458,one-client,14,Mon:14 Tue:14 Wed:14 Thu:14 Fri:14,"1, 2, 3, 4, 5",07:00:00,13:00:00,128,4,"11951, 11952, 11953, 11954, 11955, 12183, 12184, 12185, 12186, 12187"
42,Hamilton - Waikato Morning,31504,shared by 5 clients,16,Mon:16 Tue:16 Wed:16 Thu:16 Fri:16,"1, 2, 3, 4, 5",07:00:00,13:00:00,128,4,"11964, 11965, 11966, 11967, 11968"
42,Hamilton - Waikato Morning,31944,shared by 5 clients,16,Mon:16 Tue:16 Wed:16 Thu:16 Fri:16,"1, 2, 3, 4, 5",07:00:00,13:00:00,128,4,"11982, 11983, 11984, 11985, 11986, 11987, 11988, 11989, 11990, 11991"
42,Hamilton - Waikato Morning,31476,shared by 5 clients,16,Mon:16 Tue:16 Wed:16 Thu:16 Fri:16,"1, 2, 3, 4, 5",07:00:00,13:00:00,128,4,"12005, 12006, 12007, 12008, 12009"
42,Hamilton - Waikato Morning,31465,shared by 5 clients,16,Mon:16 Tue:16 Wed:16 Thu:16 Fri:16,"1, 2, 3, 4, 5",07:00:00,13:00:00,128,4,"12023, 12024, 12025, 12026, 12027"
42,Hamilton - Waikato Morning,31501,shared by 5 clients,16,Mon:16 Tue:16 Wed:16 Thu:16 Fri:16,"1, 2, 3, 4, 5",07:00:00,13:00:00,128,4,"12041, 12042, 12043, 12044, 12045"
43,Hamilton > Auckland Express 11am-1pm,,shared by 1 clients,20/68,Mon:68 Tue:20 Wed:20 Thu:20 Fri:20,"1, 2, 3, 4, 5",11:00:00,13:00:00,145,8,"2303, 2304, 2305, 2306, 2307"
43,Hamilton > Auckland Express 11am-1pm,9196,shared by 1 clients,20/68,Mon:68 Tue:20 Wed:20 Thu:20 Fri:20,"1, 2, 3, 4, 5",11:00:00,13:00:00,145,8,"7392, 7393, 7394, 7395, 7396, 7537, 7538, 7539, 7540, 7541"
43,Hamilton > Auckland Express 11am-1pm,36813,one-client,0,Mon:0 Tue:0 Wed:0 Thu:0 Fri:0,"1, 2, 3, 4, 5",11:00:00,13:00:00,145,8,"8920, 8921, 8922, 8923, 8924"
44,Hamilton > Auckland Express 4pm-6pm,,shared by 2 clients,4,Mon:4 Tue:4 Wed:4 Thu:4 Fri:4,"1, 2, 3, 4, 5",16:00:00,18:00:00,145,8,"2308, 2309, 2310, 2311, 2312"
44,Hamilton > Auckland Express 4pm-6pm,9196,shared by 2 clients,4,Mon:4 Tue:4 Wed:4 Thu:4 Fri:4,"1, 2, 3, 4, 5",16:00:00,18:00:00,145,8,"7397, 7398, 7399, 7400, 7401, 7542, 7543, 7544, 7545, 7546, 7607, 7608, 7609, 7610, 7611"
44,Hamilton > Auckland Express 4pm-6pm,36813,one-client,0,Mon:0 Tue:0 Wed:0 Thu:0 Fri:0,"1, 2, 3, 4, 5",16:00:00,18:00:00,145,8,"8925, 8926, 8927, 8928, 8929"
44,Hamilton > Auckland Express 4pm-6pm,31721,shared by 2 clients,4,Mon:4 Tue:4 Wed:4 Thu:4 Fri:4,"1, 2, 3, 4, 5",16:00:00,18:00:00,145,8,"11697, 11698, 11699, 11700, 11701"
45,Hamilton Local Chilled,36459,one-client,16,Mon:16 Tue:16 Wed:16 Thu:16 Fri:16,"1, 2, 3, 4, 5",07:00:00,17:00:00,130,4,"6288, 6289, 6290, 6291, 6292"
45,Hamilton Local Chilled,36813,one-client,0,Mon:0 Tue:0 Wed:0 Thu:0 Fri:0,"1, 2, 3, 4, 5",07:00:00,17:00:00,130,4,"8882, 8883, 8884, 8885, 8886"
46,HLZ > AKL Next Day Run,3191,shared by 17 clients,19,Mon:19 Tue:19 Wed:19 Thu:19 Fri:19,"1, 2, 3, 4, 5",11:00:00,13:00:00,145,8,"3287, 3288, 3289, 3290, 3291"
46,HLZ > AKL Next Day Run,14927,shared by 2 clients,19/67,Mon:67 Tue:19 Wed:19 Thu:19 Fri:19,"1, 2, 3, 4, 5",11:00:00,13:00:00,145,8,"3340, 3341, 3342, 3343, 3344"
46,HLZ > AKL Next Day Run,14582,shared by 17 clients,19,Mon:19 Tue:19 Wed:19 Thu:19 Fri:19,"1, 2, 3, 4, 5",11:00:00,13:00:00,145,8,"3385, 3386, 3387, 3388, 3389"
46,HLZ > AKL Next Day Run,16947,shared by 17 clients,19,Mon:19 Tue:19 Wed:19 Thu:19 Fri:19,"1, 2, 3, 4, 5",11:00:00,13:00:00,145,8,"3430, 3431, 3432, 3433, 3434"
46,HLZ > AKL Next Day Run,16513,shared by 17 clients,19,Mon:19 Tue:19 Wed:19 Thu:19 Fri:19,"1, 2, 3, 4, 5",11:00:00,13:00:00,145,8,"3475, 3476, 3477, 3478, 3479"
46,HLZ > AKL Next Day Run,18188,shared by 17 clients,19,Mon:19 Tue:19 Wed:19 Thu:19 Fri:19,"1, 2, 3, 4, 5",11:00:00,13:00:00,145,8,"3520, 3521, 3522, 3523, 3524"
46,HLZ > AKL Next Day Run,13713,shared by 17 clients,19,Mon:19 Tue:19 Wed:19 Thu:19 Fri:19,"1, 2, 3, 4, 5",11:00:00,13:00:00,145,8,"3565, 3566, 3567, 3568, 3569"
46,HLZ > AKL Next Day Run,504,shared by 17 clients,19,Mon:19 Tue:19 Wed:19 Thu:19 Fri:19,"1, 2, 3, 4, 5",11:00:00,13:00:00,145,8,"3655, 3656, 3657, 3658, 3659"
46,HLZ > AKL Next Day Run,14578,shared by 2 clients,19/67,Mon:67 Tue:19 Wed:19 Thu:19 Fri:19,"1, 2, 3, 4, 5",11:00:00,13:00:00,145,8,"3700, 3701, 3702, 3703, 3704"
46,HLZ > AKL Next Day Run,9477,shared by 17 clients,19,Mon:19 Tue:19 Wed:19 Thu:19 Fri:19,"1, 2, 3, 4, 5",11:00:00,13:00:00,145,8,"3745, 3746, 3747, 3748, 3749"
46,HLZ > AKL Next Day Run,14763,shared by 17 clients,19,Mon:19 Tue:19 Wed:19 Thu:19 Fri:19,"1, 2, 3, 4, 5",11:00:00,13:00:00,145,8,"3790, 3791, 3792, 3793, 3794"
46,HLZ > AKL Next Day Run,18185,shared by 17 clients,19,Mon:19 Tue:19 Wed:19 Thu:19 Fri:19,"1, 2, 3, 4, 5",11:00:00,13:00:00,145,8,"3835, 3836, 3837, 3838, 3839"
46,HLZ > AKL Next Day Run,13822,shared by 17 clients,19,Mon:19 Tue:19 Wed:19 Thu:19 Fri:19,"1, 2, 3, 4, 5",11:00:00,13:00:00,145,8,"4832, 4833, 4834, 4835, 4836"
46,HLZ > AKL Next Day Run,13773,shared by 17 clients,19,Mon:19 Tue:19 Wed:19 Thu:19 Fri:19,"1, 2, 3, 4, 5",11:00:00,13:00:00,145,8,"4907, 4908, 4909, 4910, 4911"
46,HLZ > AKL Next Day Run,35755,shared by 17 clients,19,Mon:19 Tue:19 Wed:19 Thu:19 Fri:19,"1, 2, 3, 4, 5",11:00:00,13:00:00,145,8,"6338, 6339, 6340, 6341, 6342"
46,HLZ > AKL Next Day Run,169,shared by 17 clients,19,Mon:19 Tue:19 Wed:19 Thu:19 Fri:19,"1, 2, 3, 4, 5",11:00:00,13:00:00,145,8,"6943, 6944, 6945, 6946, 6947"
46,HLZ > AKL Next Day Run,36672,shared by 17 clients,19,Mon:19 Tue:19 Wed:19 Thu:19 Fri:19,"1, 2, 3, 4, 5",11:00:00,13:00:00,145,8,"7099, 7100, 7101, 7102, 7103"
46,HLZ > AKL Next Day Run,36739,shared by 17 clients,19,Mon:19 Tue:19 Wed:19 Thu:19 Fri:19,"1, 2, 3, 4, 5",11:00:00,13:00:00,145,8,"8645, 8646, 8647, 8648, 8649"
46,HLZ > AKL Next Day Run,32946,shared by 17 clients,19,Mon:19 Tue:19 Wed:19 Thu:19 Fri:19,"1, 2, 3, 4, 5",11:00:00,13:00:00,145,8,"10119, 10120, 10121, 10122, 10123"
47,Monday Afternoon Express,32758,one-client,3,Mon:3,1,12:00:00,17:00:00,94,8,183
47,Monday Afternoon Express,32822,one-client,2,Mon:2,1,12:00:00,17:00:00,94,8,302
48,Monday Afternoon Home,32429,one-client,70,Mon:70,1,12:00:00,17:00:00,94,8,169
48,Monday Afternoon Home,18232,one-client,6,Mon:6,1,12:00:00,17:00:00,94,8,200
48,Monday Afternoon Home,32799,one-client,3,Mon:3,1,12:00:00,17:00:00,94,8,335
49,Monday Evening Home,32429,one-client,4,Mon:4,1,18:00:00,21:00:00,110,8,174
49,Monday Evening Home,18232,one-client,12,Mon:12,1,18:00:00,21:00:00,110,8,194
49,Monday Evening Home,32770,shared by 2 clients,3,Mon:3,1,18:00:00,21:00:00,110,8,205
49,Monday Evening Home,32799,shared by 2 clients,3,Mon:3,1,18:00:00,21:00:00,110,8,341
50,Pukekohe > AKL Returns,35755,shared by 4 clients,2/3,Mon:3 Tue:3 Wed:3 Thu:3 Fri:2,"1, 2, 3, 4, 5",11:00:00,13:00:00,154,8,"10688, 10689, 10690, 10691, 10692"
50,Pukekohe > AKL Returns,18188,shared by 4 clients,2/3,Mon:3 Tue:3 Wed:3 Thu:3 Fri:2,"1, 2, 3, 4, 5",11:00:00,13:00:00,154,8,"10819, 10820, 10821, 10822, 10823"
50,Pukekohe > AKL Returns,36739,shared by 4 clients,2/3,Mon:3 Tue:3 Wed:3 Thu:3 Fri:2,"1, 2, 3, 4, 5",11:00:00,13:00:00,154,8,"10924, 10925, 10926, 10927, 10928"
50,Pukekohe > AKL Returns,14582,one-client,3,Mon:3 Tue:3 Wed:3 Thu:3 Fri:3,"1, 2, 3, 4, 5",11:00:00,13:00:00,154,8,"11029, 11030, 11031, 11032, 11033"
50,Pukekohe > AKL Returns,13773,shared by 4 clients,2/3,Mon:3 Tue:3 Wed:3 Thu:3 Fri:2,"1, 2, 3, 4, 5",11:00:00,13:00:00,154,8,"11134, 11135, 11136, 11137, 11138"
51,Pukekohe > AKL Run,13713,shared by 5 clients,3,Mon:3 Tue:3 Wed:3 Thu:3 Fri:3,"1, 2, 3, 4, 5",11:00:00,13:00:00,154,8,"7617, 7618, 7619, 7620, 7621"
51,Pukekohe > AKL Run,14927,shared by 5 clients,3,Mon:3 Tue:3 Wed:3 Thu:3 Fri:3,"1, 2, 3, 4, 5",11:00:00,13:00:00,154,8,"7664, 7665, 7666, 7667, 7668"
51,Pukekohe > AKL Run,16947,shared by 5 clients,3,Mon:3 Tue:3 Wed:3 Thu:3 Fri:3,"1, 2, 3, 4, 5",11:00:00,13:00:00,154,8,"7730, 7731, 7732, 7733, 7734"
51,Pukekohe > AKL Run,36820,one-client,2/3,Mon:3 Tue:3 Wed:3 Thu:3 Fri:2/3,"1, 2, 3, 4, 5",11:00:00,13:00:00,154,8,"8750, 8751, 8752, 8753, 8754, 8765, 8766, 8767, 8768, 8769"
51,Pukekohe > AKL Run,18185,shared by 5 clients,2/3,Mon:3 Tue:3 Wed:3 Thu:3 Fri:2,"1, 2, 3, 4, 5",11:00:00,13:00:00,154,8,"9192, 9193, 9194, 9195, 9196"
51,Pukekohe > AKL Run,14578,shared by 5 clients,3,Mon:3 Tue:3 Wed:3 Thu:3 Fri:3,"1, 2, 3, 4, 5",11:00:00,13:00:00,154,8,"9298, 9299, 9300, 9301, 9302"
51,Pukekohe > AKL Run,3191,shared by 5 clients,3,Mon:3 Tue:3 Wed:3 Thu:3 Fri:3,"1, 2, 3, 4, 5",11:00:00,13:00:00,154,8,"9484, 9485, 9486, 9487, 9488"
51,Pukekohe > AKL Run,169,shared by 5 clients,2/3,Mon:3 Tue:3 Wed:3 Thu:3 Fri:2,"1, 2, 3, 4, 5",11:00:00,13:00:00,154,8,"9564, 9565, 9566, 9567, 9568"
51,Pukekohe > AKL Run,32946,shared by 5 clients,2/3,Mon:3 Tue:3 Wed:3 Thu:3 Fri:2,"1, 2, 3, 4, 5",11:00:00,13:00:00,154,8,"10194, 10195, 10196, 10197, 10198"
51,Pukekohe > AKL Run,14821,shared by 5 clients,2/3,Mon:3 Tue:3 Wed:3 Thu:3 Fri:2,"1, 2, 3, 4, 5",11:00:00,13:00:00,154,8,"10568, 10569, 10570, 10571, 10572"
51,Pukekohe > AKL Run,9477,shared by 5 clients,2/3,Mon:3 Tue:3 Wed:3 Thu:3 Fri:2,"1, 2, 3, 4, 5",11:00:00,13:00:00,154,8,"10578, 10579, 10580, 10581, 10582"
52,Regional Friday,31563,one-client,6,Fri:6,5,08:00:00,17:00:00,111,4,301
52,Regional Friday,32779,one-client,16,Fri:16,5,08:00:00,17:00:00,111,4,333
53,Regional Thursday,31563,one-client,6,Thu:6,4,08:00:00,17:00:00,111,4,300
53,Regional Thursday,32779,one-client,16,Thu:16,4,08:00:00,17:00:00,111,4,332
54,ROT > AKL Next Day Run,3191,shared by 15 clients,20,Mon:20 Tue:20 Wed:20 Thu:20 Fri:20,"1, 2, 3, 4, 5",11:00:00,16:00:00,145,8,"3083, 3084, 3085, 3086, 3087"
54,ROT > AKL Next Day Run,14927,one-client,26/74,Mon:74 Tue:26 Wed:26 Thu:26 Fri:26,"1, 2, 3, 4, 5",11:00:00,16:00:00,145,8,"3355, 3356, 3357, 3358, 3359"
54,ROT > AKL Next Day Run,16947,shared by 15 clients,20,Mon:20 Tue:20 Wed:20 Thu:20 Fri:20,"1, 2, 3, 4, 5",11:00:00,16:00:00,145,8,"3445, 3446, 3447, 3448, 3449"
54,ROT > AKL Next Day Run,16513,shared by 15 clients,20,Mon:20 Tue:20 Wed:20 Thu:20 Fri:20,"1, 2, 3, 4, 5",11:00:00,16:00:00,145,8,"3490, 3491, 3492, 3493, 3494"
54,ROT > AKL Next Day Run,18188,shared by 15 clients,20,Mon:20 Tue:20 Wed:20 Thu:20 Fri:20,"1, 2, 3, 4, 5",11:00:00,16:00:00,145,8,"3535, 3536, 3537, 3538, 3539"
54,ROT > AKL Next Day Run,13713,shared by 15 clients,20,Mon:20 Tue:20 Wed:20 Thu:20 Fri:20,"1, 2, 3, 4, 5",11:00:00,16:00:00,145,8,"3580, 3581, 3582, 3583, 3584"
54,ROT > AKL Next Day Run,504,shared by 15 clients,20,Mon:20 Tue:20 Wed:20 Thu:20 Fri:20,"1, 2, 3, 4, 5",11:00:00,16:00:00,145,8,"3670, 3671, 3672, 3673, 3674"
54,ROT > AKL Next Day Run,14578,one-client,20/68,Mon:68 Tue:20 Wed:20 Thu:20 Fri:20,"1, 2, 3, 4, 5",11:00:00,16:00:00,145,8,"3715, 3716, 3717, 3718, 3719"
54,ROT > AKL Next Day Run,9477,shared by 15 clients,20,Mon:20 Tue:20 Wed:20 Thu:20 Fri:20,"1, 2, 3, 4, 5",11:00:00,16:00:00,145,8,"3760, 3761, 3762, 3763, 3764"
54,ROT > AKL Next Day Run,14763,shared by 15 clients,20,Mon:20 Tue:20 Wed:20 Thu:20 Fri:20,"1, 2, 3, 4, 5",11:00:00,16:00:00,145,8,"3805, 3806, 3807, 3808, 3809"
54,ROT > AKL Next Day Run,18185,shared by 15 clients,20,Mon:20 Tue:20 Wed:20 Thu:20 Fri:20,"1, 2, 3, 4, 5",11:00:00,16:00:00,145,8,"3850, 3851, 3852, 3853, 3854"
54,ROT > AKL Next Day Run,13822,shared by 15 clients,20,Mon:20 Tue:20 Wed:20 Thu:20 Fri:20,"1, 2, 3, 4, 5",11:00:00,16:00:00,145,8,"4847, 4848, 4849, 4850, 4851"
54,ROT > AKL Next Day Run,13773,shared by 15 clients,20,Mon:20 Tue:20 Wed:20 Thu:20 Fri:20,"1, 2, 3, 4, 5",11:00:00,16:00:00,145,8,"4922, 4923, 4924, 4925, 4926"
54,ROT > AKL Next Day Run,35755,shared by 15 clients,20,Mon:20 Tue:20 Wed:20 Thu:20 Fri:20,"1, 2, 3, 4, 5",11:00:00,16:00:00,145,8,"6353, 6354, 6355, 6356, 6357"
54,ROT > AKL Next Day Run,169,shared by 15 clients,20,Mon:20 Tue:20 Wed:20 Thu:20 Fri:20,"1, 2, 3, 4, 5",11:00:00,16:00:00,145,8,"6958, 6959, 6960, 6961, 6962"
54,ROT > AKL Next Day Run,36672,shared by 15 clients,20,Mon:20 Tue:20 Wed:20 Thu:20 Fri:20,"1, 2, 3, 4, 5",11:00:00,16:00:00,145,8,"7114, 7115, 7116, 7117, 7118"
54,ROT > AKL Next Day Run,32946,shared by 15 clients,20,Mon:20 Tue:20 Wed:20 Thu:20 Fri:20,"1, 2, 3, 4, 5",11:00:00,16:00:00,145,8,"10134, 10135, 10136, 10137, 10138"
55,Tauranga > Auckland Express Run,9196,one-client,20/68,Mon:68 Tue:20 Wed:20 Thu:20 Fri:20,"1, 2, 3, 4, 5",11:00:00,12:30:00,145,8,"7467, 7468, 7469, 7470, 7471, 7562, 7563, 7564, 7565, 7566"
55,Tauranga > Auckland Express Run,36813,one-client,0,Mon:0 Tue:0 Wed:0 Thu:0 Fri:0,"1, 2, 3, 4, 5",11:00:00,12:30:00,145,8,"8970, 8971, 8972, 8973, 8974"
56,Tauranga > Auckland Express Run 4pm-6pm,9196,one-client,7,Mon:7 Tue:7 Wed:7 Thu:7 Fri:7,"1, 2, 3, 4, 5",16:00:00,18:00:00,145,8,"7472, 7473, 7474, 7475, 7476, 7567, 7568, 7569, 7570, 7571"
56,Tauranga > Auckland Express Run 4pm-6pm,36813,one-client,0,Mon:0 Tue:0 Wed:0 Thu:0 Fri:0,"1, 2, 3, 4, 5",16:00:00,18:00:00,145,8,"8975, 8976, 8977, 8978, 8979"
57,Tauranga > Auckland Run,9196,one-client,21/69,Mon:69 Tue:21 Wed:21 Thu:21 Fri:21,"1, 2, 3, 4, 5",12:00:00,17:00:00,140,8,"7477, 7478, 7479, 7480, 7481, 7572, 7573, 7574, 7575, 7576"
57,Tauranga > Auckland Run,36813,one-client,0,Mon:0 Tue:0 Wed:0 Thu:0 Fri:0,"1, 2, 3, 4, 5",12:00:00,17:00:00,140,8,"8980, 8981, 8982, 8983, 8984"
58,Tauranga > Auckland Run 6pm-9pm,9196,one-client,9,Mon:9 Tue:9 Wed:9 Thu:9 Fri:9,"1, 2, 3, 4, 5",18:00:00,21:00:00,141,8,"7482, 7483, 7484, 7485, 7486, 7577, 7578, 7579, 7580, 7581"
58,Tauranga > Auckland Run 6pm-9pm,36813,one-client,0,Mon:0 Tue:0 Wed:0 Thu:0 Fri:0,"1, 2, 3, 4, 5",18:00:00,21:00:00,141,8,"8985, 8986, 8987, 8988, 8989"
59,Tauranga > BOP Outer Run,36813,one-client,0,Mon:0 Tue:0 Wed:0 Thu:0 Fri:0,"1, 2, 3, 4, 5",11:00:00,14:00:00,129,3,"8890, 8891, 8892, 8893, 8894"
59,Tauranga > BOP Outer Run,31488,shared by 2 clients,1,Mon:1 Tue:1 Wed:1 Thu:1 Fri:1,"1, 2, 3, 4, 5",11:00:00,14:00:00,129,3,"11674, 11675, 11676, 11677, 11678"
59,Tauranga > BOP Outer Run,31486,shared by 2 clients,1,Mon:1 Tue:1 Wed:1 Thu:1 Fri:1,"1, 2, 3, 4, 5",11:00:00,14:00:00,129,3,"12133, 12134, 12135, 12136, 12137"
60,Tauranga > Waikato Afternoon Run,9196,one-client,4,Mon:4 Tue:4 Wed:4 Thu:4 Fri:4,"1, 2, 3, 4, 5",13:00:00,18:00:00,129,4,"7487, 7488, 7489, 7490, 7491, 7582, 7583, 7584, 7585, 7586"
60,Tauranga > Waikato Afternoon Run,36813,one-client,0,Mon:0 Tue:0 Wed:0 Thu:0 Fri:0,"1, 2, 3, 4, 5",13:00:00,18:00:00,129,4,"8866, 8867, 8868, 8869, 8870"
60,Tauranga > Waikato Afternoon Run,31730,one-client,3,Mon:3 Tue:3 Wed:3 Thu:3 Fri:3,"1, 2, 3, 4, 5",13:00:00,18:00:00,129,4,"11692, 11693, 11694, 11695, 11696"
61,Tauranga > Waikato Morning Run,,shared by 2 clients,16/64,Mon:64 Tue:16 Wed:16 Thu:16 Fri:16,"1, 2, 3, 4, 5",07:00:00,12:00:00,129,4,"2367, 2368, 2369, 2370, 2371"
61,Tauranga > Waikato Morning Run,9196,shared by 2 clients,16/64,Mon:64 Tue:16 Wed:16 Thu:16 Fri:16,"1, 2, 3, 4, 5",07:00:00,12:00:00,129,4,"7492, 7493, 7494, 7495, 7496, 7587, 7588, 7589, 7590, 7591"
61,Tauranga > Waikato Morning Run,36813,one-client,0,Mon:0 Tue:0 Wed:0 Thu:0 Fri:0,"1, 2, 3, 4, 5",07:00:00,12:00:00,129,4,"8871, 8872, 8873, 8874, 8875"
61,Tauranga > Waikato Morning Run,31730,shared by 2 clients,16/64,Mon:64 Tue:16 Wed:16 Thu:16 Fri:16,"1, 2, 3, 4, 5",07:00:00,12:00:00,129,4,"11687, 11688, 11689, 11690, 11691"
62,Thursday Afternoon Express,32758,one-client,3,Thu:3,4,12:00:00,17:00:00,94,8,186
62,Thursday Afternoon Express,32822,one-client,2,Thu:2,4,12:00:00,17:00:00,94,8,305
63,Thursday Afternoon Home,32429,one-client,22,Thu:22,4,12:00:00,17:00:00,94,8,172
63,Thursday Afternoon Home,18232,one-client,6,Thu:6,4,12:00:00,17:00:00,94,8,203
63,Thursday Afternoon Home,32799,one-client,3,Thu:3,4,12:00:00,17:00:00,94,8,338
64,Thursday Evening Home,32429,one-client,4,Thu:4,4,18:00:00,21:00:00,110,8,177
64,Thursday Evening Home,18232,one-client,12,Thu:12,4,18:00:00,21:00:00,110,8,197
64,Thursday Evening Home,32799,one-client,3,Thu:3,4,18:00:00,21:00:00,110,8,344
65,TRG > AKL Day Run,14582,shared by 15 clients,7,Mon:7 Tue:7 Wed:7 Thu:7 Fri:7,"1, 2, 3, 4, 5",16:00:00,18:00:00,145,8,"3405, 3406, 3407, 3408, 3409"
65,TRG > AKL Day Run,16947,shared by 15 clients,7,Mon:7 Tue:7 Wed:7 Thu:7 Fri:7,"1, 2, 3, 4, 5",16:00:00,18:00:00,145,8,"3450, 3451, 3452, 3453, 3454"
65,TRG > AKL Day Run,16513,shared by 15 clients,7,Mon:7 Tue:7 Wed:7 Thu:7 Fri:7,"1, 2, 3, 4, 5",16:00:00,18:00:00,145,8,"3495, 3496, 3497, 3498, 3499"
65,TRG > AKL Day Run,18188,shared by 15 clients,7,Mon:7 Tue:7 Wed:7 Thu:7 Fri:7,"1, 2, 3, 4, 5",16:00:00,18:00:00,145,8,"3540, 3541, 3542, 3543, 3544"
65,TRG > AKL Day Run,13713,shared by 15 clients,7,Mon:7 Tue:7 Wed:7 Thu:7 Fri:7,"1, 2, 3, 4, 5",16:00:00,18:00:00,145,8,"3585, 3586, 3587, 3588, 3589"
65,TRG > AKL Day Run,504,shared by 15 clients,7,Mon:7 Tue:7 Wed:7 Thu:7 Fri:7,"1, 2, 3, 4, 5",16:00:00,18:00:00,145,8,"3675, 3676, 3677, 3678, 3679"
65,TRG > AKL Day Run,14578,one-client,6,Mon:6 Tue:6 Wed:6 Thu:6 Fri:6,"1, 2, 3, 4, 5",16:00:00,18:00:00,145,8,"3720, 3721, 3722, 3723, 3724"
65,TRG > AKL Day Run,9477,shared by 15 clients,7,Mon:7 Tue:7 Wed:7 Thu:7 Fri:7,"1, 2, 3, 4, 5",16:00:00,18:00:00,145,8,"3765, 3766, 3767, 3768, 3769"
65,TRG > AKL Day Run,14763,shared by 15 clients,7,Mon:7 Tue:7 Wed:7 Thu:7 Fri:7,"1, 2, 3, 4, 5",16:00:00,18:00:00,145,8,"3810, 3811, 3812, 3813, 3814"
65,TRG > AKL Day Run,18185,shared by 15 clients,7,Mon:7 Tue:7 Wed:7 Thu:7 Fri:7,"1, 2, 3, 4, 5",16:00:00,18:00:00,145,8,"3855, 3856, 3857, 3858, 3859"
65,TRG > AKL Day Run,3191,shared by 15 clients,7,Mon:7 Tue:7 Wed:7 Thu:7 Fri:7,"1, 2, 3, 4, 5",16:00:00,18:00:00,145,8,"3880, 3881, 3882, 3883, 3884"
65,TRG > AKL Day Run,13822,shared by 15 clients,7,Mon:7 Tue:7 Wed:7 Thu:7 Fri:7,"1, 2, 3, 4, 5",16:00:00,18:00:00,145,8,"4852, 4853, 4854, 4855, 4856"
65,TRG > AKL Day Run,35755,shared by 15 clients,7,Mon:7 Tue:7 Wed:7 Thu:7 Fri:7,"1, 2, 3, 4, 5",16:00:00,18:00:00,145,8,"6358, 6359, 6360, 6361, 6362"
65,TRG > AKL Day Run,169,shared by 15 clients,7,Mon:7 Tue:7 Wed:7 Thu:7 Fri:7,"1, 2, 3, 4, 5",16:00:00,18:00:00,145,8,"6963, 6964, 6965, 6966, 6967"
65,TRG > AKL Day Run,36672,shared by 15 clients,7,Mon:7 Tue:7 Wed:7 Thu:7 Fri:7,"1, 2, 3, 4, 5",16:00:00,18:00:00,145,8,"7119, 7120, 7121, 7122, 7123"
65,TRG > AKL Day Run,36739,shared by 15 clients,7,Mon:7 Tue:7 Wed:7 Thu:7 Fri:7,"1, 2, 3, 4, 5",16:00:00,18:00:00,145,8,"8665, 8666, 8667, 8668, 8669"
66,TRG > AKL Next Day Run,14582,shared by 15 clients,18,Mon:18 Tue:18 Wed:18 Thu:18 Fri:18,"1, 2, 3, 4, 5",11:00:00,13:00:00,145,8,"3410, 3411, 3412, 3413, 3414"
66,TRG > AKL Next Day Run,16947,shared by 15 clients,18,Mon:18 Tue:18 Wed:18 Thu:18 Fri:18,"1, 2, 3, 4, 5",11:00:00,13:00:00,145,8,"3455, 3456, 3457, 3458, 3459"
66,TRG > AKL Next Day Run,16513,shared by 15 clients,18,Mon:18 Tue:18 Wed:18 Thu:18 Fri:18,"1, 2, 3, 4, 5",11:00:00,13:00:00,145,8,"3500, 3501, 3502, 3503, 3504"
66,TRG > AKL Next Day Run,18188,shared by 15 clients,18,Mon:18 Tue:18 Wed:18 Thu:18 Fri:18,"1, 2, 3, 4, 5",11:00:00,13:00:00,145,8,"3545, 3546, 3547, 3548, 3549"
66,TRG > AKL Next Day Run,13713,shared by 15 clients,18,Mon:18 Tue:18 Wed:18 Thu:18 Fri:18,"1, 2, 3, 4, 5",11:00:00,13:00:00,145,8,"3590, 3591, 3592, 3593, 3594"
66,TRG > AKL Next Day Run,504,shared by 15 clients,18,Mon:18 Tue:18 Wed:18 Thu:18 Fri:18,"1, 2, 3, 4, 5",11:00:00,13:00:00,145,8,"3680, 3681, 3682, 3683, 3684"
66,TRG > AKL Next Day Run,14578,one-client,18/66,Mon:66 Tue:18 Wed:18 Thu:18 Fri:18,"1, 2, 3, 4, 5",11:00:00,13:00:00,145,8,"3725, 3726, 3727, 3728, 3729"
66,TRG > AKL Next Day Run,9477,shared by 15 clients,18,Mon:18 Tue:18 Wed:18 Thu:18 Fri:18,"1, 2, 3, 4, 5",11:00:00,13:00:00,145,8,"3770, 3771, 3772, 3773, 3774"
66,TRG > AKL Next Day Run,14763,shared by 15 clients,18,Mon:18 Tue:18 Wed:18 Thu:18 Fri:18,"1, 2, 3, 4, 5",11:00:00,13:00:00,145,8,"3815, 3816, 3817, 3818, 3819"
66,TRG > AKL Next Day Run,18185,shared by 15 clients,18,Mon:18 Tue:18 Wed:18 Thu:18 Fri:18,"1, 2, 3, 4, 5",11:00:00,13:00:00,145,8,"3860, 3861, 3862, 3863, 3864"
66,TRG > AKL Next Day Run,3191,shared by 15 clients,18,Mon:18 Tue:18 Wed:18 Thu:18 Fri:18,"1, 2, 3, 4, 5",11:00:00,13:00:00,145,8,"3885, 3886, 3887, 3888, 3889"
66,TRG > AKL Next Day Run,13822,shared by 15 clients,18,Mon:18 Tue:18 Wed:18 Thu:18 Fri:18,"1, 2, 3, 4, 5",11:00:00,13:00:00,145,8,"4857, 4858, 4859, 4860, 4861"
66,TRG > AKL Next Day Run,35755,shared by 15 clients,18,Mon:18 Tue:18 Wed:18 Thu:18 Fri:18,"1, 2, 3, 4, 5",11:00:00,13:00:00,145,8,"6363, 6364, 6365, 6366, 6367"
66,TRG > AKL Next Day Run,169,shared by 15 clients,18,Mon:18 Tue:18 Wed:18 Thu:18 Fri:18,"1, 2, 3, 4, 5",11:00:00,13:00:00,145,8,"6968, 6969, 6970, 6971, 6972"
66,TRG > AKL Next Day Run,36672,shared by 15 clients,18,Mon:18 Tue:18 Wed:18 Thu:18 Fri:18,"1, 2, 3, 4, 5",11:00:00,13:00:00,145,8,"7124, 7125, 7126, 7127, 7128"
66,TRG > AKL Next Day Run,36739,shared by 15 clients,18,Mon:18 Tue:18 Wed:18 Thu:18 Fri:18,"1, 2, 3, 4, 5",11:00:00,13:00:00,145,8,"8670, 8671, 8672, 8673, 8674"
67,TRG > AKL Next Day Run,14927,one-client,19/67,Mon:67 Tue:19 Wed:19 Thu:19 Fri:19,"1, 2, 3, 4, 5",11:00:00,12:30:00,145,8,"3365, 3366, 3367, 3368, 3369"
67,TRG > AKL Next Day Run,32946,one-client,18,Mon:18 Tue:18 Wed:18 Thu:18 Fri:18,"1, 2, 3, 4, 5",11:00:00,12:30:00,145,8,"10144, 10145, 10146, 10147, 10148"
68,Tuesday Afternoon Express,32758,one-client,3,Tue:3,2,12:00:00,17:00:00,94,8,184
68,Tuesday Afternoon Express,32822,one-client,2,Tue:2,2,12:00:00,17:00:00,94,8,303
69,Tuesday Afternoon Home,32429,one-client,22,Tue:22,2,12:00:00,17:00:00,94,8,170
69,Tuesday Afternoon Home,18232,one-client,6,Tue:6,2,12:00:00,17:00:00,94,8,201
69,Tuesday Afternoon Home,32799,one-client,3,Tue:3,2,12:00:00,17:00:00,94,8,336
70,Tuesday Evening Home,32429,one-client,4,Tue:4,2,18:00:00,21:00:00,110,8,175
70,Tuesday Evening Home,18232,one-client,12,Tue:12,2,18:00:00,21:00:00,110,8,195
70,Tuesday Evening Home,32799,one-client,3,Tue:3,2,18:00:00,21:00:00,110,8,342
71,VDAY MORNING,17791,one-client,15,Wed:15,3,07:00:00,15:00:00,153,8,4527
71,VDAY MORNING,17869,one-client,0,Wed:0,3,07:00:00,15:00:00,153,8,4528
72,Waikato Local > Auckland Express 11am-1pm,36813,one-client,0,Mon:0 Tue:0 Wed:0 Thu:0 Fri:0,"1, 2, 3, 4, 5",11:00:00,13:00:00,145,8,"8930, 8931, 8932, 8933, 8934"
72,Waikato Local > Auckland Express 11am-1pm,31504,one-client,20/68,Mon:68 Tue:20 Wed:20 Thu:20 Fri:20,"1, 2, 3, 4, 5",11:00:00,13:00:00,145,8,"12051, 12052, 12053, 12054, 12055"
73,Waikato Local > Auckland Express 4pm-6pm,,default,5,Mon:5 Tue:5 Wed:5 Thu:5 Fri:5,"1, 2, 3, 4, 5",16:00:00,18:00:00,145,8,"2255, 2256, 2257, 2258, 2259"
73,Waikato Local > Auckland Express 4pm-6pm,36813,one-client,0,Mon:0 Tue:0 Wed:0 Thu:0 Fri:0,"1, 2, 3, 4, 5",16:00:00,18:00:00,145,8,"8935, 8936, 8937, 8938, 8939"
74,Waikato Outer > Auckland Express 11am-1pm,,default,20/68,Mon:68 Tue:20 Wed:20 Thu:20 Fri:20,"1, 2, 3, 4, 5",11:00:00,13:00:00,145,8,"2283, 2284, 2285, 2286, 2287"
74,Waikato Outer > Auckland Express 11am-1pm,36813,one-client,0,Mon:0 Tue:0 Wed:0 Thu:0 Fri:0,"1, 2, 3, 4, 5",11:00:00,13:00:00,145,8,"8940, 8941, 8942, 8943, 8944"
75,Wednesday Afternoon Express,32758,one-client,3,Wed:3,3,12:00:00,17:00:00,94,8,185
75,Wednesday Afternoon Express,32822,one-client,2,Wed:2,3,12:00:00,17:00:00,94,8,304
76,Wednesday Afternoon Home,32429,one-client,22,Wed:22,3,12:00:00,17:00:00,94,8,171
76,Wednesday Afternoon Home,18232,one-client,6,Wed:6,3,12:00:00,17:00:00,94,8,202
76,Wednesday Afternoon Home,32738,one-client,23,Wed:23,3,12:00:00,17:00:00,94,8,261
76,Wednesday Afternoon Home,32799,one-client,3,Wed:3,3,12:00:00,17:00:00,94,8,337
77,Wednesday Evening Home,32429,one-client,4,Wed:4,3,18:00:00,21:00:00,110,8,176
77,Wednesday Evening Home,18232,one-client,12,Wed:12,3,18:00:00,21:00:00,110,8,196
77,Wednesday Evening Home,32770,shared by 2 clients,3,Wed:3,3,18:00:00,21:00:00,110,8,206
77,Wednesday Evening Home,32799,shared by 2 clients,3,Wed:3,3,18:00:00,21:00:00,110,8,343
78,WLG > Whanganui (QC),16730,shared by 3 clients,37/61,Mon:61 Tue:37 Wed:37 Thu:37 Fri:37,"1, 2, 3, 4, 5",07:00:00,12:00:00,164,6,"10451, 10452, 10453, 10454, 10455"
78,WLG > Whanganui (QC),35642,shared by 3 clients,37/61,Mon:61 Tue:37 Wed:37 Thu:37 Fri:37,"1, 2, 3, 4, 5",07:00:00,12:00:00,164,6,"13391, 13392, 13393, 13394, 13395"
78,WLG > Whanganui (QC),17326,one-client,13/61,Mon:61 Tue:13 Wed:13 Thu:13 Fri:13,"1, 2, 3, 4, 5",07:00:00,12:00:00,164,6,"13582, 13583, 13584, 13585, 13586"
78,WLG > Whanganui (QC),16166,shared by 3 clients,37/61,Mon:61 Tue:37 Wed:37 Thu:37 Fri:37,"1, 2, 3, 4, 5",07:00:00,12:00:00,164,6,"13645, 13646, 13647, 13648, 13649"
79,Woop Napier Xmas,18137,one-client,264,Sat:264,6,09:00:00,15:00:00,120,10,"4055, 4258"
79,Woop Napier Xmas,17534,one-client,100,Sat:100,6,09:00:00,15:00:00,120,10,4259
80,Woop PN Xmas,17815,one-client,264,Sat:264,6,09:00:00,15:00:00,120,6,4054
80,Woop PN Xmas,17534,one-client,100,Sat:100,6,09:00:00,15:00:00,120,6,4257
81,Woop Tga Xmas,17535,one-client,264,Sat:264,6,09:00:00,15:00:00,120,3,"4052, 4053"
81,Woop Tga Xmas,17534,one-client,100,Sat:100,6,09:00:00,15:00:00,120,3,4260
82,WRG > AKL Regional Run,,default,3,Mon:3 Tue:3 Wed:3 Thu:3 Fri:3,"1, 2, 3, 4, 5",12:00:00,15:00:00,145,8,"3154, 3155, 3156, 3157, 3158"
82,WRG > AKL Regional Run,36813,one-client,0,Mon:0 Tue:0 Wed:0 Thu:0 Fri:0,"1, 2, 3, 4, 5",12:00:00,15:00:00,145,8,"8990, 8991, 8992, 8993, 8994"
