SurvivorBulkRunScheduleId,ClientId,ScheduleName
8610,16513,AKL > CHCH Pre 10am Medical
8610,14763,AKL > CHCH Pre 10am Medical
8610,169,AKL > CHCH Pre 10am Medical
8610,18185,AKL > CHCH Pre 10am Medical
8610,14578,AKL > CHCH Pre 10am Medical
8610,16947,AKL > CHCH Pre 10am Medical
8610,32946,AKL > CHCH Pre 10am Medical
8610,9477,AKL > CHCH Pre 10am Medical
8610,35755,AKL > CHCH Pre 10am Medical
8610,18188,AKL > CHCH Pre 10am Medical
8610,36739,AKL > CHCH Pre 10am Medical
8605,16513,AKL > CHCH Pre 8am Medical
8605,14763,AKL > CHCH Pre 8am Medical
8605,169,AKL > CHCH Pre 8am Medical
8605,18185,AKL > CHCH Pre 8am Medical
8605,13713,AKL > CHCH Pre 8am Medical
8605,16947,AKL > CHCH Pre 8am Medical
8605,32946,AKL > CHCH Pre 8am Medical
8605,9477,AKL > CHCH Pre 8am Medical
8605,35755,AKL > CHCH Pre 8am Medical
8605,18188,AKL > CHCH Pre 8am Medical
8605,36739,AKL > CHCH Pre 8am Medical
9238,18185,AKL > Gisborne pre 10am
9238,169,AKL > Gisborne pre 10am
9238,16947,AKL > Gisborne pre 10am
9238,32946,AKL > Gisborne pre 10am
9238,9477,AKL > Gisborne pre 10am
9238,35755,AKL > Gisborne pre 10am
9238,36739,AKL > Gisborne pre 10am
9238,14582,AKL > Gisborne pre 10am
9238,13713,AKL > Gisborne pre 10am
9045,14763,AKL > Gisborne pre 10am
9045,16513,AKL > Gisborne pre 10am
9243,18185,AKL > Gisborne pre 8am
9243,169,AKL > Gisborne pre 8am
9243,16947,AKL > Gisborne pre 8am
9243,32946,AKL > Gisborne pre 8am
9243,9477,AKL > Gisborne pre 8am
9243,36739,AKL > Gisborne pre 8am
9243,14582,AKL > Gisborne pre 8am
9243,13713,AKL > Gisborne pre 8am
9050,14763,AKL > Gisborne pre 8am
9050,16513,AKL > Gisborne pre 8am
2511,9477,AKL > HLZ Afternoon Medical Run
2511,16947,AKL > HLZ Afternoon Medical Run
2511,13713,AKL > HLZ Afternoon Medical Run
2511,14578,AKL > HLZ Afternoon Medical Run
6988,169,AKL > HLZ Afternoon Medical Run 10am Cutoff
6988,36672,AKL > HLZ Afternoon Medical Run 10am Cutoff
6983,169,AKL > HLZ Afternoon Medical Run 9:30am Cutoff
6983,36672,AKL > HLZ Afternoon Medical Run 9:30am Cutoff
2731,33103,AKL > HLZ Afternoon Medical Run*12:30:00-17:00:00
2731,504,AKL > HLZ Afternoon Medical Run*12:30:00-17:00:00
2731,13822,AKL > HLZ Afternoon Medical Run*12:30:00-17:00:00
2471,14763,AKL > HLZ Afternoon Medical Run*12:30:00-17:00:00
2471,18185,AKL > HLZ Afternoon Medical Run*12:30:00-17:00:00
2661,18188,AKL > HLZ Afternoon Medical Run*12:30:00-17:00:00
2661,36739,AKL > HLZ Afternoon Medical Run*12:30:00-17:00:00
2516,9477,AKL > HLZ Pre 8am Medical Run
2516,16947,AKL > HLZ Pre 8am Medical Run
2516,18188,AKL > HLZ Pre 8am Medical Run
2516,17122,AKL > HLZ Pre 8am Medical Run
2516,36739,AKL > HLZ Pre 8am Medical Run
2516,32946,AKL > HLZ Pre 8am Medical Run
2631,16513,AKL > HLZ Pre 8am Medical Run
2631,14578,AKL > HLZ Pre 8am Medical Run
2631,35755,AKL > HLZ Pre 8am Medical Run
2631,169,AKL > HLZ Pre 8am Medical Run
2736,33103,AKL > HLZ Pre 8am Medical Run
2736,504,AKL > HLZ Pre 8am Medical Run
2736,13822,AKL > HLZ Pre 8am Medical Run
2701,13713,AKL > HLZ Pre 8am Medical Run
2701,18185,AKL > HLZ Pre 8am Medical Run
10633,9477,AKL > Masterton
10633,35755,AKL > Masterton
10633,18188,AKL > Masterton
10633,36739,AKL > Masterton
10633,14582,AKL > Masterton
8740,13713,AKL > Masterton
8740,14927,AKL > Masterton
9253,18185,AKL > Napier pre 10am
9253,14578,AKL > Napier pre 10am
9253,169,AKL > Napier pre 10am
9253,16947,AKL > Napier pre 10am
9253,32946,AKL > Napier pre 10am
9253,9477,AKL > Napier pre 10am
9253,35755,AKL > Napier pre 10am
9253,18188,AKL > Napier pre 10am
9253,14582,AKL > Napier pre 10am
9060,14763,AKL > Napier pre 10am
9060,16513,AKL > Napier pre 10am
9348,14578,AKL > Napier pre 8am
9348,169,AKL > Napier pre 8am
9348,3191,AKL > Napier pre 8am
9348,16947,AKL > Napier pre 8am
9348,32946,AKL > Napier pre 8am
9348,9477,AKL > Napier pre 8am
9348,35755,AKL > Napier pre 8am
9348,18188,AKL > Napier pre 8am
9055,14763,AKL > Napier pre 8am
9055,16513,AKL > Napier pre 8am
9358,14578,AKL > New Plymouth pre 10am
9358,169,AKL > New Plymouth pre 10am
9358,16947,AKL > New Plymouth pre 10am
9358,32946,AKL > New Plymouth pre 10am
9358,9477,AKL > New Plymouth pre 10am
9358,35755,AKL > New Plymouth pre 10am
9358,18188,AKL > New Plymouth pre 10am
9358,36739,AKL > New Plymouth pre 10am
9358,14582,AKL > New Plymouth pre 10am
9358,13713,AKL > New Plymouth pre 10am
9358,14927,AKL > New Plymouth pre 10am
9065,14763,AKL > New Plymouth pre 10am
9065,16513,AKL > New Plymouth pre 10am
9065,18185,AKL > New Plymouth pre 10am
7084,14927,AKL > Palmerston North pre 10am
7084,18185,AKL > Palmerston North pre 10am
7084,14578,AKL > Palmerston North pre 10am
7084,169,AKL > Palmerston North pre 10am
7084,16947,AKL > Palmerston North pre 10am
7084,32946,AKL > Palmerston North pre 10am
7084,9477,AKL > Palmerston North pre 10am
7084,18188,AKL > Palmerston North pre 10am
7084,36739,AKL > Palmerston North pre 10am
7084,14582,AKL > Palmerston North pre 10am
9075,14763,AKL > Palmerston North pre 10am
9075,16513,AKL > Palmerston North pre 10am
9263,18185,AKL > Palmerston North pre 8am
9263,14578,AKL > Palmerston North pre 8am
9263,169,AKL > Palmerston North pre 8am
9263,16947,AKL > Palmerston North pre 8am
9263,32946,AKL > Palmerston North pre 8am
9263,9477,AKL > Palmerston North pre 8am
9263,18188,AKL > Palmerston North pre 8am
9263,36739,AKL > Palmerston North pre 8am
9263,14582,AKL > Palmerston North pre 8am
9070,14763,AKL > Palmerston North pre 8am
9070,16513,AKL > Palmerston North pre 8am
4309,14927,AKL > Pukekohe Overnight Medical Run
4309,13713,AKL > Pukekohe Overnight Medical Run
4309,16947,AKL > Pukekohe Overnight Medical Run
4309,36820,AKL > Pukekohe Overnight Medical Run
4309,18185,AKL > Pukekohe Overnight Medical Run
4309,14578,AKL > Pukekohe Overnight Medical Run
4309,3191,AKL > Pukekohe Overnight Medical Run
4309,169,AKL > Pukekohe Overnight Medical Run
4309,32946,AKL > Pukekohe Overnight Medical Run
4309,14821,AKL > Pukekohe Overnight Medical Run
4309,9477,AKL > Pukekohe Overnight Medical Run
4309,35755,AKL > Pukekohe Overnight Medical Run
4309,18188,AKL > Pukekohe Overnight Medical Run
4309,36739,AKL > Pukekohe Overnight Medical Run
4309,14582,AKL > Pukekohe Overnight Medical Run
4309,13773,AKL > Pukekohe Overnight Medical Run
2741,33103,AKL > ROT Afternoon Medical Run
2741,504,AKL > ROT Afternoon Medical Run
2741,13822,AKL > ROT Afternoon Medical Run
2526,9477,AKL > ROT Pre 10am Medical Run
2526,14582,AKL > ROT Pre 10am Medical Run
2526,16947,AKL > ROT Pre 10am Medical Run
2526,18188,AKL > ROT Pre 10am Medical Run
2526,13713,AKL > ROT Pre 10am Medical Run
2526,18185,AKL > ROT Pre 10am Medical Run
2641,35755,AKL > ROT Pre 10am Medical Run
2641,14578,AKL > ROT Pre 10am Medical Run
2641,169,AKL > ROT Pre 10am Medical Run
2337,14927,AKL > ROT Pre 10am Medical Run
2337,32946,AKL > ROT Pre 10am Medical Run
2746,33103,AKL > ROT Pre 8am Medical Run*09:00:00-10:00:00
2746,504,AKL > ROT Pre 8am Medical Run*09:00:00-10:00:00
2746,17122,AKL > ROT Pre 8am Medical Run*09:00:00-10:00:00
2746,13822,AKL > ROT Pre 8am Medical Run*09:00:00-10:00:00
10315,32946,AKL > Taupo Pre 8am Medical Run
10315,14821,AKL > Taupo Pre 8am Medical Run
2716,13713,AKL > TGA Afternoon Medical Run
2716,169,AKL > TGA Afternoon Medical Run
2716,16513,AKL > TGA Afternoon Medical Run
2716,36672,AKL > TGA Afternoon Medical Run
2621,16947,AKL > TGA Afternoon Medical Run*15:00:00-17:00:00
2621,18188,AKL > TGA Afternoon Medical Run*15:00:00-17:00:00
2621,33103,AKL > TGA Afternoon Medical Run*15:00:00-17:00:00
2621,504,AKL > TGA Afternoon Medical Run*15:00:00-17:00:00
2621,13822,AKL > TGA Afternoon Medical Run*15:00:00-17:00:00
2621,36739,AKL > TGA Afternoon Medical Run*15:00:00-17:00:00
2883,17122,AKL > TGA Afternoon Medical Run*15:00:00-17:00:00
2883,18185,AKL > TGA Afternoon Medical Run*15:00:00-17:00:00
2611,16947,AKL > TGA Pre 930am Medical Run
2611,18188,AKL > TGA Pre 930am Medical Run
2611,33103,AKL > TGA Pre 930am Medical Run
2611,504,AKL > TGA Pre 930am Medical Run
2611,17122,AKL > TGA Pre 930am Medical Run
2611,13822,AKL > TGA Pre 930am Medical Run
2611,36739,AKL > TGA Pre 930am Medical Run
2651,16513,AKL > TGA Pre 930am Medical Run
2651,35755,AKL > TGA Pre 930am Medical Run
2651,169,AKL > TGA Pre 930am Medical Run
2651,36672,AKL > TGA Pre 930am Medical Run
2327,14927,AKL > TGA Pre 930am Medical Run
2327,13713,AKL > TGA Pre 930am Medical Run
2536,9477,AKL > TGA Pre 930am Medical Run
2536,18185,AKL > TGA Pre 930am Medical Run
11425,14582,AKL > Whakatane Medical Run
11425,14927,AKL > Whakatane Medical Run
9621,1088,AKL > Whanganui Pre 10am
9621,18185,AKL > Whanganui Pre 10am
9621,14578,AKL > Whanganui Pre 10am
9621,169,AKL > Whanganui Pre 10am
9621,16947,AKL > Whanganui Pre 10am
9621,13713,AKL > Whanganui Pre 10am
9621,9477,AKL > Whanganui Pre 10am
9621,35755,AKL > Whanganui Pre 10am
9621,18188,AKL > Whanganui Pre 10am
9621,36739,AKL > Whanganui Pre 10am
9621,14582,AKL > Whanganui Pre 10am
9544,3191,AKL > Whanganui Pre 10am
9544,14927,AKL > Whanganui Pre 10am
9544,32946,AKL > Whanganui Pre 10am
7067,14927,AKL > WLG Pre 10am
7067,18185,AKL > WLG Pre 10am
7067,14578,AKL > WLG Pre 10am
7067,169,AKL > WLG Pre 10am
7067,3191,AKL > WLG Pre 10am
7067,16947,AKL > WLG Pre 10am
7067,32946,AKL > WLG Pre 10am
7067,9477,AKL > WLG Pre 10am
7067,35755,AKL > WLG Pre 10am
7067,18188,AKL > WLG Pre 10am
7067,36739,AKL > WLG Pre 10am
7067,14582,AKL > WLG Pre 10am
9080,14763,AKL > WLG Pre 10am
9080,16513,AKL > WLG Pre 10am
9278,18185,AKL > WLG Pre 8am
9278,14578,AKL > WLG Pre 8am
9278,169,AKL > WLG Pre 8am
9278,3191,AKL > WLG Pre 8am
9278,16947,AKL > WLG Pre 8am
9278,32946,AKL > WLG Pre 8am
9278,9477,AKL > WLG Pre 8am
9278,35755,AKL > WLG Pre 8am
9278,18188,AKL > WLG Pre 8am
9278,36739,AKL > WLG Pre 8am
9278,14582,AKL > WLG Pre 8am
9085,14763,AKL > WLG Pre 8am
9085,16513,AKL > WLG Pre 8am
2541,9477,AKL > WRG Pre 8am Medical Run
2541,16947,AKL > WRG Pre 8am Medical Run
2541,18188,AKL > WRG Pre 8am Medical Run
2541,33103,AKL > WRG Pre 8am Medical Run
2541,504,AKL > WRG Pre 8am Medical Run
2541,17122,AKL > WRG Pre 8am Medical Run
2541,18185,AKL > WRG Pre 8am Medical Run
2541,13822,AKL > WRG Pre 8am Medical Run
2496,14763,AKL > WRG Pre 8am Medical Run
2496,16513,AKL > WRG Pre 8am Medical Run
2496,14578,AKL > WRG Pre 8am Medical Run
2496,35755,AKL > WRG Pre 8am Medical Run
2496,169,AKL > WRG Pre 8am Medical Run
2496,36672,AKL > WRG Pre 8am Medical Run
2352,14927,AKL > WRG Pre 8am Medical Run
2352,3191,AKL > WRG Pre 8am Medical Run
1470,9225,Auckland - Tauranga Chilled
4588,16298,Auckland - Waikato Home Delivery 11am
4588,13681,Auckland - Waikato Home Delivery 11am
3978,4609,Auckland - Wellington Chilled
5733,14853,Auckland > Hamilton Run 1-6
5733,32110,Auckland > Hamilton Run 1-6
5733,36266,Auckland > Hamilton Run 1-6
4436,33014,Auckland > Hamilton Run 7-12
4436,14853,Auckland > Hamilton Run 7-12
4436,32110,Auckland > Hamilton Run 7-12
4436,36266,Auckland > Hamilton Run 7-12
4441,33014,Auckland > Hamilton Run Express 1-6
4441,32110,Auckland > Hamilton Run Express 1-6
5897,1088,Auckland > Tauranga Evening Booking Delivery
5897,13713,Auckland > Tauranga Evening Booking Delivery
5476,17761,Auckland Afternoons
5476,13681,Auckland Afternoons
2377,9196,BOP > Waikato Morning Run
2038,9196,BOP Outer > Auckland Express Run 11-1
4593,16298,BOP Regional Home Delivery 11am
4593,9196,BOP Regional Home Delivery 11am
7452,9196,BOP Regional Home Delivery 5am
7452,33149,BOP Regional Home Delivery 5am
880,33089,Friday Afternoon Express
880,33091,Friday Afternoon Express
192,32758,Friday Evening Express
192,32822,Friday Evening Express
865,33089,Friday Evening Express
865,33091,Friday Evening Express
207,32770,Friday Evening Home
207,32799,Friday Evening Home
9661,37022,Frozen - Central Run
1944,37022,Frozen - North Run
1943,37022,Frozen - South Run
1494,36991,Hamilton - Auckland Afternoon Chilled
1671,36991,Hamilton - Auckland Morning Chilled
11943,31458,Hamilton - Taupo
11943,31504,Hamilton - Taupo
11943,31944,Hamilton - Taupo
11943,31476,Hamilton - Taupo
11943,31465,Hamilton - Taupo
11943,31501,Hamilton - Taupo
11959,31504,Hamilton - Waikato Afternoon
11959,31944,Hamilton - Waikato Afternoon
11959,31476,Hamilton - Waikato Afternoon
11959,31465,Hamilton - Waikato Afternoon
11959,31501,Hamilton - Waikato Afternoon
11800,31796,Hamilton - Waikato Afternoon
11800,36813,Hamilton - Waikato Afternoon
11964,31504,Hamilton - Waikato Morning
11964,31944,Hamilton - Waikato Morning
11964,31476,Hamilton - Waikato Morning
11964,31465,Hamilton - Waikato Morning
11964,31501,Hamilton - Waikato Morning
2303,9196,Hamilton > Auckland Express 11am-1pm
2308,9196,Hamilton > Auckland Express 4pm-6pm
2308,31721,Hamilton > Auckland Express 4pm-6pm
2362,9196,Hamilton > BOP
2362,36813,Hamilton > BOP
11938,31458,Hamilton > BOP
11938,31504,Hamilton > BOP
11938,31944,Hamilton > BOP
11938,31476,Hamilton > BOP
11938,31465,Hamilton > BOP
11938,31501,Hamilton > BOP
3099,31796,Hamilton > Tauranga afternoon
3099,9196,Hamilton > Tauranga afternoon
3099,36813,Hamilton > Tauranga afternoon
10388,32587,Hamilton > Waikato Morning
3262,33710,Hamilton Chilled 5am Run
3262,34623,Hamilton Chilled 5am Run
502,32853,Hamilton Weds Regional
502,31654,Hamilton Weds Regional
13502,37352,HB - Tauranga to Waikato Afternoon
13502,37354,HB - Tauranga to Waikato Afternoon
13492,37352,HB - Tauranga to Waikato Morning
13492,37354,HB - Tauranga to Waikato Morning
13512,37354,HB - Tauranga to Whakatane
13512,37352,HB - Tauranga to Whakatane
13562,37352,HB - Whakatane to Tauranga
13562,37354,HB - Whakatane to Tauranga
3073,3191,HLZ > AKL Day Run
3073,14927,HLZ > AKL Day Run
3073,14582,HLZ > AKL Day Run
3073,16947,HLZ > AKL Day Run
3073,16513,HLZ > AKL Day Run
3073,18188,HLZ > AKL Day Run
3073,13713,HLZ > AKL Day Run
3073,504,HLZ > AKL Day Run
3073,14578,HLZ > AKL Day Run
3073,9477,HLZ > AKL Day Run
3073,14763,HLZ > AKL Day Run
3073,18185,HLZ > AKL Day Run
3073,13822,HLZ > AKL Day Run
3073,13773,HLZ > AKL Day Run
3073,35755,HLZ > AKL Day Run
3073,169,HLZ > AKL Day Run
3073,36672,HLZ > AKL Day Run
3073,36739,HLZ > AKL Day Run
3073,32946,HLZ > AKL Day Run
3287,3191,HLZ > AKL Next Day Run
3287,14582,HLZ > AKL Next Day Run
3287,16947,HLZ > AKL Next Day Run
3287,16513,HLZ > AKL Next Day Run
3287,18188,HLZ > AKL Next Day Run
3287,13713,HLZ > AKL Next Day Run
3287,504,HLZ > AKL Next Day Run
3287,9477,HLZ > AKL Next Day Run
3287,14763,HLZ > AKL Next Day Run
3287,18185,HLZ > AKL Next Day Run
3287,13822,HLZ > AKL Next Day Run
3287,13773,HLZ > AKL Next Day Run
3287,35755,HLZ > AKL Next Day Run
3287,169,HLZ > AKL Next Day Run
3287,36672,HLZ > AKL Next Day Run
3287,36739,HLZ > AKL Next Day Run
3287,32946,HLZ > AKL Next Day Run
3340,14927,HLZ > AKL Next Day Run
3340,14578,HLZ > AKL Next Day Run
3109,3191,HLZ > AKL PM Day Run
3109,14582,HLZ > AKL PM Day Run
3109,16947,HLZ > AKL PM Day Run
3109,16513,HLZ > AKL PM Day Run
3109,18188,HLZ > AKL PM Day Run
3109,13713,HLZ > AKL PM Day Run
3109,504,HLZ > AKL PM Day Run
3109,14578,HLZ > AKL PM Day Run
3109,9477,HLZ > AKL PM Day Run
3109,14763,HLZ > AKL PM Day Run
3109,18185,HLZ > AKL PM Day Run
3109,13822,HLZ > AKL PM Day Run
3109,13773,HLZ > AKL PM Day Run
3109,35755,HLZ > AKL PM Day Run
3109,169,HLZ > AKL PM Day Run
3109,36672,HLZ > AKL PM Day Run
3109,36739,HLZ > AKL PM Day Run
3345,14927,HLZ > AKL PM Day Run
3345,32946,HLZ > AKL PM Day Run
2983,15744,Hyper Ride 2 - 3 Hour Service 10am
2983,32929,Hyper Ride 2 - 3 Hour Service 10am
11928,32082,Kaimai - North Island Freight Collection
11928,15608,Kaimai - North Island Freight Collection
876,33089,Monday Afternoon Express
876,33091,Monday Afternoon Express
189,32758,Monday Evening Express
189,32822,Monday Evening Express
861,33089,Monday Evening Express
861,33091,Monday Evening Express
205,32770,Monday Evening Home
205,32799,Monday Evening Home
871,33089,Monday Morning Express
871,33091,Monday Morning Express
4768,17589,Mothers Day
4768,33656,Mothers Day
12831,17272,Outer BOP > Tauranga
7846,32896,P2P Auckland > BoP Express 10am - 3:30pm
7846,36834,P2P Auckland > BoP Express 10am - 3:30pm
5017,32896,P2P Auckland > Hamilton Express 1pm - 5pm
5017,36834,P2P Auckland > Hamilton Express 1pm - 5pm
10688,35755,Pukekohe > AKL Returns
10688,18188,Pukekohe > AKL Returns
10688,36739,Pukekohe > AKL Returns
10688,13773,Pukekohe > AKL Returns
7617,13713,Pukekohe > AKL Run
7617,14927,Pukekohe > AKL Run
7617,16947,Pukekohe > AKL Run
7617,14578,Pukekohe > AKL Run
7617,3191,Pukekohe > AKL Run
9192,18185,Pukekohe > AKL Run
9192,169,Pukekohe > AKL Run
9192,32946,Pukekohe > AKL Run
9192,14821,Pukekohe > AKL Run
9192,9477,Pukekohe > AKL Run
9606,3191,Pukekohe Afternoon Delivery
9606,169,Pukekohe Afternoon Delivery
9606,9477,Pukekohe Afternoon Delivery
9606,35755,Pukekohe Afternoon Delivery
9596,18185,Pukekohe Afternoon Delivery
9596,16947,Pukekohe Afternoon Delivery
3282,3191,ROT > AKL Day Run
3282,14927,ROT > AKL Day Run
3282,16947,ROT > AKL Day Run
3282,16513,ROT > AKL Day Run
3282,18188,ROT > AKL Day Run
3282,13713,ROT > AKL Day Run
3282,504,ROT > AKL Day Run
3282,14578,ROT > AKL Day Run
3282,9477,ROT > AKL Day Run
3282,14763,ROT > AKL Day Run
3282,18185,ROT > AKL Day Run
3282,13822,ROT > AKL Day Run
3282,13773,ROT > AKL Day Run
3282,35755,ROT > AKL Day Run
3282,169,ROT > AKL Day Run
3282,36672,ROT > AKL Day Run
3282,32946,ROT > AKL Day Run
3083,3191,ROT > AKL Next Day Run
3083,16947,ROT > AKL Next Day Run
3083,16513,ROT > AKL Next Day Run
3083,18188,ROT > AKL Next Day Run
3083,13713,ROT > AKL Next Day Run
3083,504,ROT > AKL Next Day Run
3083,9477,ROT > AKL Next Day Run
3083,14763,ROT > AKL Next Day Run
3083,18185,ROT > AKL Next Day Run
3083,13822,ROT > AKL Next Day Run
3083,13773,ROT > AKL Next Day Run
3083,35755,ROT > AKL Next Day Run
3083,169,ROT > AKL Next Day Run
3083,36672,ROT > AKL Next Day Run
3083,32946,ROT > AKL Next Day Run
11380,16730,Standard Baggage Run 12 pm
11380,16166,Standard Baggage Run 12 pm
11329,16730,Standard Baggage Run 4pm
11329,17326,Standard Baggage Run 4pm
11329,35642,Standard Baggage Run 4pm
11329,16166,Standard Baggage Run 4pm
11373,16730,Standard Baggage Run 6pm
11373,17326,Standard Baggage Run 6pm
11373,35642,Standard Baggage Run 6pm
11373,16166,Standard Baggage Run 6pm
11366,16730,Standard Baggage Run 9pm
11366,35642,Standard Baggage Run 9pm
11366,16166,Standard Baggage Run 9pm
8349,36266,Store-to-Door Express Delivery 10am
8349,17589,Store-to-Door Express Delivery 10am
8357,36266,Store-to-Door Express Delivery 11am
8357,17589,Store-to-Door Express Delivery 11am
8377,36266,Store-to-Door Express Delivery 12pm
8377,17589,Store-to-Door Express Delivery 12pm
8363,36266,Store-to-Door Express Delivery 1pm
8363,17589,Store-to-Door Express Delivery 1pm
8370,36266,Store-to-Door Express Delivery 2pm
8370,17589,Store-to-Door Express Delivery 2pm
370,32853,Sunday Auckland Home Delivery
370,32854,Sunday Auckland Home Delivery
369,32853,Sunday Christchurch Home Delivery
369,32854,Sunday Christchurch Home Delivery
371,32853,Sunday Hamilton Home Delivery
371,32854,Sunday Hamilton Home Delivery
372,32853,Sunday Napier Home Delivery
372,32854,Sunday Napier Home Delivery
374,32853,Sunday Palmerston North Home Delivery
374,32854,Sunday Palmerston North Home Delivery
373,32853,Sunday Tauranga Home Delivery
373,32854,Sunday Tauranga Home Delivery
375,32853,Sunday Wellington Home Delivery
375,32854,Sunday Wellington Home Delivery
11822,36813,Taupo > Tauranga
1747,12671,Tauranga 1 Hour*10:00:00-11:00:00
1747,33118,Tauranga 1 Hour*10:00:00-11:00:00
1748,12671,Tauranga 1 Hour*11:00:00-12:00:00
1748,33118,Tauranga 1 Hour*11:00:00-12:00:00
1749,12671,Tauranga 1 Hour*12:00:00-13:00:00
1749,33118,Tauranga 1 Hour*12:00:00-13:00:00
1750,12671,Tauranga 1 Hour*13:00:00-14:00:00
1750,33118,Tauranga 1 Hour*13:00:00-14:00:00
1751,12671,Tauranga 1 Hour*14:00:00-15:00:00
1751,33118,Tauranga 1 Hour*14:00:00-15:00:00
1752,12671,Tauranga 1 Hour*15:00:00-16:00:00
1752,33118,Tauranga 1 Hour*15:00:00-16:00:00
1753,12671,Tauranga 1 Hour*16:00:00-17:00:00
1753,33118,Tauranga 1 Hour*16:00:00-17:00:00
11674,31488,Tauranga > BOP Outer Run
11674,31486,Tauranga > BOP Outer Run
12829,17272,Tauranga > Outer BOP
2382,32943,Tauranga > Waikato Afternoon Run
2367,9196,Tauranga > Waikato Morning Run
2367,31730,Tauranga > Waikato Morning Run
12118,32186,Tauranga > Whakatane Run
12118,32206,Tauranga > Whakatane Run
12118,32993,Tauranga > Whakatane Run
12118,35321,Tauranga > Whakatane Run
12163,32767,Tauranga > Whakatane Run
12163,32246,Tauranga > Whakatane Run
510,31654,Tauranga Weds Regional
510,32853,Tauranga Weds Regional
879,33089,Thursday Afternoon Express
879,33091,Thursday Afternoon Express
191,32758,Thursday Evening Express
191,32822,Thursday Evening Express
864,33089,Thursday Evening Express
864,33091,Thursday Evening Express
874,33089,Thursday Morning Express
874,33091,Thursday Morning Express
3405,14582,TRG > AKL Day Run
3405,16947,TRG > AKL Day Run
3405,16513,TRG > AKL Day Run
3405,18188,TRG > AKL Day Run
3405,13713,TRG > AKL Day Run
3405,504,TRG > AKL Day Run
3405,9477,TRG > AKL Day Run
3405,14763,TRG > AKL Day Run
3405,18185,TRG > AKL Day Run
3405,3191,TRG > AKL Day Run
3405,13822,TRG > AKL Day Run
3405,35755,TRG > AKL Day Run
3405,169,TRG > AKL Day Run
3405,36672,TRG > AKL Day Run
3405,36739,TRG > AKL Day Run
3360,14927,TRG > AKL Day Run
3360,32946,TRG > AKL Day Run
3410,14582,TRG > AKL Next Day Run
3410,16947,TRG > AKL Next Day Run
3410,16513,TRG > AKL Next Day Run
3410,18188,TRG > AKL Next Day Run
3410,13713,TRG > AKL Next Day Run
3410,504,TRG > AKL Next Day Run
3410,9477,TRG > AKL Next Day Run
3410,14763,TRG > AKL Next Day Run
3410,18185,TRG > AKL Next Day Run
3410,3191,TRG > AKL Next Day Run
3410,13822,TRG > AKL Next Day Run
3410,35755,TRG > AKL Next Day Run
3410,169,TRG > AKL Next Day Run
3410,36672,TRG > AKL Next Day Run
3410,36739,TRG > AKL Next Day Run
877,33089,Tuesday Afternoon Express
877,33091,Tuesday Afternoon Express
188,32758,Tuesday Evening Express
188,32822,Tuesday Evening Express
862,33089,Tuesday Evening Express
862,33091,Tuesday Evening Express
872,33089,Tuesday Morning Express
872,33091,Tuesday Morning Express
5134,32584,Urgent Express Delivery 10am
5134,32893,Urgent Express Delivery 10am
5134,32896,Urgent Express Delivery 10am
5134,32335,Urgent Express Delivery 10am
5129,32584,Urgent Express Delivery 11am
5129,32893,Urgent Express Delivery 11am
5129,32896,Urgent Express Delivery 11am
5129,32335,Urgent Express Delivery 11am
5266,32896,Urgent Express Delivery 12pm
5266,32335,Urgent Express Delivery 12pm
5115,32584,Urgent Express Delivery 1pm
5115,32893,Urgent Express Delivery 1pm
5115,32896,Urgent Express Delivery 1pm
5115,32335,Urgent Express Delivery 1pm
5122,32584,Urgent Express Delivery 2pm
5122,32893,Urgent Express Delivery 2pm
5122,32896,Urgent Express Delivery 2pm
5122,32335,Urgent Express Delivery 2pm
5144,32584,Urgent Express Delivery 3pm
5144,32893,Urgent Express Delivery 3pm
5144,32896,Urgent Express Delivery 3pm
5144,32335,Urgent Express Delivery 3pm
5139,32584,Urgent Express Delivery 9am
5139,32893,Urgent Express Delivery 9am
2372,9196,Waikato > Tauranga afternoon
2372,36813,Waikato > Tauranga afternoon
2357,9196,Waikato Local & Outer > BOP
2357,36813,Waikato Local & Outer > BOP
10368,36813,Waikato Outer - Morning
5660,31492,"Waikato Outer > Taupo, Tokoroa, Putaruru"
878,33089,Wednesday Afternoon Express
878,33091,Wednesday Afternoon Express
190,32758,Wednesday Evening Express
190,32822,Wednesday Evening Express
863,33089,Wednesday Evening Express
863,33091,Wednesday Evening Express
206,32770,Wednesday Evening Home
206,32799,Wednesday Evening Home
873,33089,Wednesday Morning Express
873,33091,Wednesday Morning Express
5956,1088,Wellington Schedules
5956,36266,Wellington Schedules
3415,14582,WHK > AKL Next Day Run
3415,16947,WHK > AKL Next Day Run
3415,16513,WHK > AKL Next Day Run
3415,18188,WHK > AKL Next Day Run
3415,13713,WHK > AKL Next Day Run
3415,504,WHK > AKL Next Day Run
3415,14578,WHK > AKL Next Day Run
3415,9477,WHK > AKL Next Day Run
3415,14763,WHK > AKL Next Day Run
3415,18185,WHK > AKL Next Day Run
3415,3191,WHK > AKL Next Day Run
3415,13822,WHK > AKL Next Day Run
3415,13773,WHK > AKL Next Day Run
3415,35755,WHK > AKL Next Day Run
3415,169,WHK > AKL Next Day Run
3415,36672,WHK > AKL Next Day Run
5951,32490,Wild Flour Tauranga - Auckland Morning Chilled
5951,36266,Wild Flour Tauranga - Auckland Morning Chilled
12342,16730,WLG > Napier
12342,35642,WLG > Napier
12342,17326,WLG > Napier
12342,16166,WLG > Napier
13381,35642,WLG > Palmerston North
13381,17326,WLG > Palmerston North
13381,16166,WLG > Palmerston North
13209,16730,WLG > Whanganui (G&B)
13209,35642,WLG > Whanganui (G&B)
13209,17326,WLG > Whanganui (G&B)
13209,16166,WLG > Whanganui (G&B)
10451,16730,WLG > Whanganui (QC)
10451,35642,WLG > Whanganui (QC)
10451,16166,WLG > Whanganui (QC)
3420,14582,WRG > AKL Day Run
3420,16947,WRG > AKL Day Run
3420,16513,WRG > AKL Day Run
3420,18188,WRG > AKL Day Run
3420,13713,WRG > AKL Day Run
3420,504,WRG > AKL Day Run
3420,14578,WRG > AKL Day Run
3420,9477,WRG > AKL Day Run
3420,14763,WRG > AKL Day Run
3420,18185,WRG > AKL Day Run
3420,13822,WRG > AKL Day Run
3420,13773,WRG > AKL Day Run
3420,35755,WRG > AKL Day Run
3420,169,WRG > AKL Day Run
3420,36672,WRG > AKL Day Run
3420,36739,WRG > AKL Day Run
2988,3191,WRG > AKL Day Run
2988,14927,WRG > AKL Day Run
2988,32946,WRG > AKL Day Run
